wins,goals_for,team_name,win_percent,goals_against,goal_difference
0.7391304347826088,0.7131147540983607,0,0.7574692442882252,0.4983277591973244,0.7830508474576271
0.4565217391304348,0.6844262295081966,1,0.47275922671353254,0.5451505016722408,0.711864406779661
0.782608695652174,0.8975409836065573,2,0.8014059753954305,0.49498327759197325,0.9389830508474576
0.8478260869565218,0.651639344262295,3,0.8681898066783832,0.3210702341137124,0.911864406779661
0.5217391304347826,0.6065573770491803,5,0.5377855887521968,0.6120401337792643,0.5796610169491525
0.5869565217391305,0.6024590163934427,6,0.6045694200351495,0.5250836120401338,0.6644067796610169
0.4565217391304348,0.46311475409836067,8,0.47275922671353254,0.5384615384615384,0.535593220338983
0.782608695652174,0.8811475409836065,9,0.8014059753954305,0.46488294314381273,0.9559322033898305
0.3695652173913043,0.5368852459016393,11,0.3848857644991214,0.5050167224080268,0.6305084745762711
0.6304347826086957,0.6065573770491803,12,0.6467486818980668,0.4481605351170569,0.7457627118644068
0.4782608695652174,0.6024590163934427,13,0.4938488576449913,0.4983277591973244,0.6915254237288135
0.32608695652173914,0.4016393442622951,14,0.3391915641476274,0.5852842809364549,0.43728813559322033
0.5652173913043478,0.7049180327868851,15,0.5817223198594025,0.5016722408026756,0.7728813559322033
0.5,0.5204918032786885,17,0.5149384885764499,0.5083612040133779,0.6135593220338983
0.6739130434782609,0.889344262295082,18,0.6906854130052725,0.6354515050167224,0.7898305084745763
0.13043478260869565,0.45491803278688525,19,0.14235500878734628,0.7993311036789297,0.26440677966101694
0.8043478260869564,0.7581967213114753,21,0.8242530755711776,0.45150501672240806,0.8677966101694915
0.28260869565217395,0.47540983606557374,23,0.29525483304042177,0.6789297658862876,0.40338983050847455
0.39130434782608703,0.48360655737704916,24,0.4059753954305799,0.6688963210702341,0.42033898305084744
0.5869565217391305,0.5450819672131146,25,0.6045694200351495,0.4782608695652174,0.6644067796610169
0.34782608695652173,0.5532786885245902,26,0.3620386643233744,0.5785953177257526,0.5694915254237287
0.5652173913043478,0.5942622950819672,0,0.5817223198594025,0.5351170568561873,0.6474576271186441
0.4565217391304348,0.6721311475409837,1,0.47275922671353254,0.6153846153846154,0.6305084745762711
0.4565217391304348,0.7008196721311475,2,0.47275922671353254,0.6354515050167224,0.6338983050847458
0.5652173913043478,0.540983606557377,3,0.5817223198594025,0.4046822742474917,0.735593220338983
0.7391304347826088,0.7131147540983607,0,0.7574692442882252,0.4983277591973244,0.7830508474576271
0.4565217391304348,0.6844262295081966,1,0.47275922671353254,0.5451505016722408,0.711864406779661
0.782608695652174,0.8975409836065573,2,0.8014059753954305,0.49498327759197325,0.9389830508474576
0.8478260869565218,0.651639344262295,3,0.8681898066783832,0.3210702341137124,0.911864406779661
0.5217391304347826,0.6065573770491803,5,0.5377855887521968,0.6120401337792643,0.5796610169491525
0.5869565217391305,0.6024590163934427,6,0.6045694200351495,0.5250836120401338,0.6644067796610169
0.4565217391304348,0.46311475409836067,8,0.47275922671353254,0.5384615384615384,0.535593220338983
0.782608695652174,0.8811475409836065,9,0.8014059753954305,0.46488294314381273,0.9559322033898305
0.3695652173913043,0.5368852459016393,11,0.3848857644991214,0.5050167224080268,0.6305084745762711
0.6304347826086957,0.6065573770491803,12,0.6467486818980668,0.4481605351170569,0.7457627118644068
0.4782608695652174,0.6024590163934427,13,0.4938488576449913,0.4983277591973244,0.6915254237288135
0.32608695652173914,0.4016393442622951,14,0.3391915641476274,0.5852842809364549,0.43728813559322033
0.5652173913043478,0.7049180327868851,15,0.5817223198594025,0.5016722408026756,0.7728813559322033
0.5,0.5204918032786885,17,0.5149384885764499,0.5083612040133779,0.6135593220338983
0.6739130434782609,0.889344262295082,18,0.6906854130052725,0.6354515050167224,0.7898305084745763
0.13043478260869565,0.45491803278688525,19,0.14235500878734628,0.7993311036789297,0.26440677966101694
0.8043478260869564,0.7581967213114753,21,0.8242530755711776,0.45150501672240806,0.8677966101694915
0.28260869565217395,0.47540983606557374,23,0.29525483304042177,0.6789297658862876,0.40338983050847455
0.39130434782608703,0.48360655737704916,24,0.4059753954305799,0.6688963210702341,0.42033898305084744
0.5869565217391305,0.5450819672131146,25,0.6045694200351495,0.4782608695652174,0.6644067796610169
0.34782608695652173,0.5532786885245902,26,0.3620386643233744,0.5785953177257526,0.5694915254237287
0.5652173913043478,0.5942622950819672,0,0.5817223198594025,0.5351170568561873,0.6474576271186441
0.4565217391304348,0.6721311475409837,1,0.47275922671353254,0.6153846153846154,0.6305084745762711
0.4565217391304348,0.7008196721311475,2,0.47275922671353254,0.6354515050167224,0.6338983050847458
0.5652173913043478,0.540983606557377,3,0.5817223198594025,0.4046822742474917,0.735593220338983
0.717391304347826,0.7991803278688525,5,0.7346221441124782,0.47157190635451507,0.8813559322033898
0.5652173913043478,0.6967213114754098,6,0.5817223198594025,0.6086956521739131,0.6576271186440678
0.34782608695652173,0.5,8,0.3620386643233744,0.5618729096989967,0.5423728813559322
0.5434782608695652,0.6639344262295082,9,0.5606326889279438,0.6053511705685619,0.6338983050847458
0.4782608695652174,0.49590163934426235,11,0.4938488576449913,0.5451505016722408,0.5559322033898305
0.6739130434782609,0.5819672131147542,12,0.6906854130052725,0.3076923076923077,0.8677966101694915
0.6086956521739131,0.6721311475409837,13,0.6256590509666081,0.4816053511705686,0.7661016949152541
0.5217391304347826,0.680327868852459,14,0.5377855887521968,0.6153846153846154,0.6372881355932203
0.8695652173913043,0.8032786885245902,15,0.889279437609842,0.4381270903010034,0.9186440677966101
0.4782608695652174,0.5204918032786885,17,0.4938488576449913,0.5284280936454849,0.5932203389830508
0.6304347826086957,0.8934426229508197,18,0.6467486818980668,0.6454849498327759,0.7830508474576271
0.21739130434782608,0.5327868852459017,19,0.2302284710017575,0.6789297658862876,0.45084745762711864
0.15217391304347824,0.38524590163934425,20,0.16344463971880493,0.8160535117056857,0.18983050847457622
0.5652173913043478,0.6311475409836065,21,0.5817223198594025,0.5050167224080268,0.7084745762711864
0.4347826086956522,0.44672131147540983,23,0.44991212653778556,0.5986622073578596,0.4610169491525423
0.6956521739130435,0.6557377049180328,24,0.7135325131810194,0.45150501672240806,0.7830508474576271
0.7608695652173914,0.8401639344262295,25,0.7785588752196838,0.5351170568561873,0.8508474576271186
0.5,0.5163934426229508,26,0.5149384885764499,0.43143812709030105,0.6881355932203389
0.891304347826087,0.848360655737705,0,0.8576449912126539,0.5117056856187291,0.8813559322033898
0.6086956521739131,0.860655737704918,1,0.585237258347979,0.6086956521739131,0.7932203389830508
0.717391304347826,0.8073770491803278,2,0.6906854130052725,0.5585284280936456,0.7999999999999999
0.8043478260869564,0.6311475409836065,3,0.7750439367311074,0.3846153846153846,0.8305084745762712
0.8043478260869564,1.0,5,0.7750439367311074,0.5518394648829431,0.9661016949152542
0.34782608695652173,0.4795081967213115,6,0.335676625659051,0.7424749163879598,0.3423728813559322
0.34782608695652173,0.651639344262295,8,0.335676625659051,0.8494983277591974,0.3762711864406779
0.6304347826086957,0.8729508196721312,9,0.6063268892794377,0.7525083612040133,0.6576271186440678
0.5652173913043478,0.6024590163934427,11,0.5448154657293498,0.5953177257525084,0.5932203389830508
0.8260869565217391,0.8237704918032787,12,0.7943760984182776,0.5518394648829431,0.8203389830508474
0.6521739130434783,0.75,13,0.6274165202108963,0.6153846153846154,0.6949152542372881
0.6521739130434783,0.860655737704918,14,0.6274165202108963,0.6086956521739131,0.7932203389830508
0.5217391304347826,0.7336065573770492,15,0.5026362038664324,0.6454849498327759,0.6508474576271186
0.0,0.31557377049180324,16,0.0,0.9364548494983278,0.01016949152542368
0.5652173913043478,0.7950819672131149,17,0.5448154657293498,0.6822742474916388,0.6644067796610169
1.0,0.9918032786885247,18,0.9630931458699473,0.5117056856187291,1.0
0.8043478260869564,0.9262295081967213,19,0.7750439367311074,0.6187290969899666,0.8372881355932202
0.021739130434782622,0.3811475409836065,20,0.021089630931458714,1.0,0.0
0.5869565217391305,0.6434426229508197,21,0.5641476274165202,0.5451505016722408,0.6779661016949152
0.28260869565217395,0.49180327868852447,22,0.2724077328646749,0.725752508361204,0.36949152542372876
0.7391304347826088,0.6680327868852458,23,0.7117750439367312,0.42140468227424754,0.8237288135593219
0.782608695652174,0.9057377049180328,24,0.7539543057996486,0.5451505016722408,0.8949152542372881
0.717391304347826,0.819672131147541,25,0.6906854130052725,0.5719063545150502,0.7966101694915254
0.6521739130434783,0.8073770491803278,26,0.6274165202108963,0.68561872909699,0.6711864406779661
0.5,0.42622950819672134,10,0.4815465729349737,0.4548494983277592,0.5898305084745762
0.6956521739130435,0.6721311475409837,0,0.6695957820738138,0.4581939799331104,0.7898305084745763
0.717391304347826,0.6434426229508197,1,0.6906854130052725,0.34448160535117056,0.8813559322033898
0.6956521739130435,0.7254098360655739,2,0.6695957820738138,0.47157190635451507,0.8203389830508474
0.6304347826086957,0.528688524590164,3,0.6063268892794377,0.4180602006688964,0.711864406779661
0.6956521739130435,0.6598360655737705,4,0.6695957820738138,0.5016722408026756,0.735593220338983
0.782608695652174,0.9467213114754098,5,0.7539543057996486,0.5351170568561873,0.9389830508474576
0.32608695652173914,0.5573770491803278,6,0.3145869947275922,0.6354515050167224,0.5152542372881356
0.5,0.44262295081967207,7,0.4815465729349737,0.3946488294314382,0.6644067796610169
0.3695652173913043,0.4180327868852459,8,0.35500878734622143,0.5785953177257526,0.4576271186440678
0.3695652173913043,0.6926229508196722,9,0.35500878734622143,0.6923076923076923,0.5694915254237287
0.6739130434782609,0.6475409836065573,12,0.648506151142355,0.4448160535117057,0.7830508474576271
0.8043478260869564,0.7418032786885247,13,0.7750439367311074,0.3511705685618729,0.9559322033898305
0.5652173913043478,0.6434426229508197,14,0.5448154657293498,0.4983277591973244,0.7254237288135593
0.9130434782608695,0.7131147540983607,15,0.8787346221441125,0.38795986622073586,0.8949152542372881
0.08695652173913046,0.3114754098360656,16,0.08435852372583483,0.9431438127090301,0.0
0.5434782608695652,0.6926229508196722,17,0.523725834797891,0.6655518394648829,0.5966101694915253
0.7391304347826088,0.7131147540983607,18,0.7117750439367312,0.5685618729096991,0.711864406779661
0.5217391304347826,0.6229508196721312,19,0.5026362038664324,0.5919732441471572,0.6135593220338983
0.5,0.5204918032786885,20,0.4815465729349737,0.5016722408026756,0.6203389830508474
0.6521739130434783,0.5942622950819672,21,0.6274165202108963,0.5618729096989967,0.6203389830508474
0.4347826086956522,0.40573770491803274,22,0.4182776801405975,0.4548494983277592,0.5728813559322034
0.717391304347826,0.6352459016393444,23,0.6906854130052725,0.4280936454849499,0.7898305084745763
0.6739130434782609,0.6311475409836065,24,0.648506151142355,0.5384615384615384,0.6745762711864406
0.6304347826086957,0.6229508196721312,25,0.6063268892794377,0.49498327759197325,0.711864406779661
0.30434782608695654,0.49180327868852447,26,0.29349736379613356,0.765886287625418,0.3288135593220339
0.13043478260869565,0.0,10,0.3760984182776802,0.16387959866220736,0.5322033898305084
0.3695652173913043,0.10245901639344257,0,0.7785588752196838,0.040133779264214076,0.7423728813559322
0.26086956521739135,0.020491803278688492,1,0.5957820738137083,0.013377926421404729,0.7016949152542372
0.30434782608695654,0.15573770491803274,2,0.6695957820738138,0.06688963210702342,0.7593220338983051
0.30434782608695654,0.12704918032786883,3,0.6695957820738138,0.0,0.8033898305084746
0.15217391304347824,0.04508196721311475,4,0.4130052724077329,0.06688963210702342,0.6677966101694914
0.5,0.22540983606557374,5,0.9999999999999999,0.006688963210702392,0.8779661016949152
0.5217391304347826,0.6229508196721312,19,0.5026362038664324,0.5919732441471572,
0.5,0.5204918032786885,20,0.4815465729349737,0.5016722408026756,
0.6521739130434783,0.5942622950819672,21,0.6274165202108963,0.5618729096989967,
0.4347826086956522,0.40573770491803274,22,0.4182776801405975,0.4548494983277592,
0.717391304347826,0.6352459016393444,23,0.6906854130052725,0.4280936454849499,
0.6739130434782609,0.6311475409836065,24,0.648506151142355,0.5384615384615384,
0.6304347826086957,0.6229508196721312,25,0.6063268892794377,0.49498327759197325,
0.30434782608695654,0.49180327868852447,26,0.29349736379613356,0.765886287625418,
0.13043478260869565,0.0,10,0.3760984182776802,0.16387959866220736,
0.3695652173913043,0.10245901639344257,0,0.7785588752196838,0.040133779264214076,
0.6304347826086957,0.6065573770491803,12,0.6467486818980668,0.4481605351170569,
0.4782608695652174,0.6024590163934427,13,0.4938488576449913,0.4983277591973244,
0.32608695652173914,0.4016393442622951,14,0.3391915641476274,0.5852842809364549,
0.5652173913043478,0.7049180327868851,15,0.5817223198594025,0.5016722408026756,
0.5,0.5204918032786885,17,0.5149384885764499,0.5083612040133779,
0.6739130434782609,0.889344262295082,18,0.6906854130052725,0.6354515050167224,
0.13043478260869565,0.45491803278688525,19,0.14235500878734628,0.7993311036789297,
0.8043478260869564,0.7581967213114753,21,0.8242530755711776,0.45150501672240806,
0.28260869565217395,0.47540983606557374,23,0.29525483304042177,0.6789297658862876,
0.39130434782608703,0.48360655737704916,24,0.4059753954305799,0.6688963210702341,
0.5869565217391305,0.5450819672131146,25,0.6045694200351495,0.4782608695652174,
0.34782608695652173,0.5532786885245902,26,0.3620386643233744,0.5785953177257526,
0.5652173913043478,0.5942622950819672,0,0.5817223198594025,0.5351170568561873,
0.4565217391304348,0.6721311475409837,1,0.47275922671353254,0.6153846153846154,
0.4565217391304348,0.7008196721311475,2,0.47275922671353254,0.6354515050167224,
0.5652173913043478,0.540983606557377,3,0.5817223198594025,0.4046822742474917,
0.7391304347826088,0.7131147540983607,0,0.7574692442882252,0.4983277591973244,
0.4565217391304348,0.6844262295081966,1,0.47275922671353254,0.5451505016722408,
0.782608695652174,0.8975409836065573,2,0.8014059753954305,0.49498327759197325,
0.8478260869565218,0.651639344262295,3,0.8681898066783832,0.3210702341137124,
0.5217391304347826,0.6065573770491803,5,0.5377855887521968,0.6120401337792643,
0.5869565217391305,0.6024590163934427,6,0.6045694200351495,0.5250836120401338,
0.4565217391304348,0.46311475409836067,8,0.47275922671353254,0.5384615384615384,
0.782608695652174,0.8811475409836065,9,0.8014059753954305,0.46488294314381273,
0.5217391304347826,0.680327868852459,14,0.5377855887521968,0.6153846153846154,
0.8695652173913043,0.8032786885245902,15,0.889279437609842,0.4381270903010034,
0.4782608695652174,0.5204918032786885,17,0.4938488576449913,0.5284280936454849,
0.6304347826086957,0.8934426229508197,18,0.6467486818980668,0.6454849498327759,
0.21739130434782608,0.5327868852459017,19,0.2302284710017575,0.6789297658862876,
0.15217391304347824,0.38524590163934425,20,0.16344463971880493,0.8160535117056857,
0.5652173913043478,0.6311475409836065,21,0.5817223198594025,0.5050167224080268,
0.4347826086956522,0.44672131147540983,23,0.44991212653778556,0.5986622073578596,
0.6956521739130435,0.6557377049180328,24,0.7135325131810194,0.45150501672240806,
0.7608695652173914,0.8401639344262295,25,0.7785588752196838,0.5351170568561873,
0.5,0.5163934426229508,26,0.5149384885764499,0.43143812709030105,
0.891304347826087,0.848360655737705,0,0.8576449912126539,0.5117056856187291,
0.6086956521739131,0.860655737704918,1,0.585237258347979,0.6086956521739131,
0.717391304347826,0.8073770491803278,2,0.6906854130052725,0.5585284280936456,
0.8043478260869564,0.6311475409836065,3,0.7750439367311074,0.3846153846153846,
0.8043478260869564,1.0,5,0.7750439367311074,0.5518394648829431,
0.34782608695652173,0.4795081967213115,6,0.335676625659051,0.7424749163879598,
0.34782608695652173,0.651639344262295,8,0.335676625659051,0.8494983277591974,
0.6304347826086957,0.8729508196721312,9,0.6063268892794377,0.7525083612040133,
0.3695652173913043,0.5368852459016393,11,0.3848857644991214,0.5050167224080268,
0.7391304347826088,0.7131147540983607,0,0.7574692442882252,0.4983277591973244,
0.4565217391304348,0.6844262295081966,1,0.47275922671353254,0.5451505016722408,
0.782608695652174,0.8975409836065573,2,0.8014059753954305,0.49498327759197325,
0.8478260869565218,0.651639344262295,3,0.8681898066783832,0.3210702341137124,
0.5217391304347826,0.6065573770491803,5,0.5377855887521968,0.6120401337792643,
0.5869565217391305,0.6024590163934427,6,0.6045694200351495,0.5250836120401338,
0.4565217391304348,0.46311475409836067,8,0.47275922671353254,0.5384615384615384,
0.782608695652174,0.8811475409836065,9,0.8014059753954305,0.46488294314381273,
0.3695652173913043,0.5368852459016393,11,0.3848857644991214,0.5050167224080268,
0.6304347826086957,0.6065573770491803,12,0.6467486818980668,0.4481605351170569,
0.4782608695652174,0.6024590163934427,13,0.4938488576449913,0.4983277591973244,
0.32608695652173914,0.4016393442622951,14,0.3391915641476274,0.5852842809364549,
0.5652173913043478,0.7049180327868851,15,0.5817223198594025,0.5016722408026756,
0.5,0.5204918032786885,17,0.5149384885764499,0.5083612040133779,
0.6739130434782609,0.889344262295082,18,0.6906854130052725,0.6354515050167224,
0.13043478260869565,0.45491803278688525,19,0.14235500878734628,0.7993311036789297,
0.8043478260869564,0.7581967213114753,21,0.8242530755711776,0.45150501672240806,
0.28260869565217395,0.47540983606557374,23,0.29525483304042177,0.6789297658862876,
0.39130434782608703,0.48360655737704916,24,0.4059753954305799,0.6688963210702341,
0.5869565217391305,0.5450819672131146,25,0.6045694200351495,0.4782608695652174,
0.34782608695652173,0.5532786885245902,26,0.3620386643233744,0.5785953177257526,
0.5652173913043478,0.5942622950819672,0,0.5817223198594025,0.5351170568561873,
0.4565217391304348,0.6721311475409837,1,0.47275922671353254,0.6153846153846154,
0.4565217391304348,0.7008196721311475,2,0.47275922671353254,0.6354515050167224,
0.5652173913043478,0.540983606557377,3,0.5817223198594025,0.4046822742474917,
0.717391304347826,0.7991803278688525,5,0.7346221441124782,0.47157190635451507,
0.5652173913043478,0.6967213114754098,6,0.5817223198594025,0.6086956521739131,
0.34782608695652173,0.5,8,0.3620386643233744,0.5618729096989967,
0.5434782608695652,0.6639344262295082,9,0.5606326889279438,0.6053511705685619,
0.4782608695652174,0.49590163934426235,11,0.4938488576449913,0.5451505016722408,
0.6739130434782609,0.5819672131147542,12,0.6906854130052725,0.3076923076923077,
0.6086956521739131,0.6721311475409837,13,0.6256590509666081,0.4816053511705686,
0.5652173913043478,0.6024590163934427,11,0.5448154657293498,0.5953177257525084,
0.8260869565217391,0.8237704918032787,12,0.7943760984182776,0.5518394648829431,
0.6521739130434783,0.75,13,0.6274165202108963,0.6153846153846154,
0.6521739130434783,0.860655737704918,14,0.6274165202108963,0.6086956521739131,
0.5217391304347826,0.7336065573770492,15,0.5026362038664324,0.6454849498327759,
0.0,0.31557377049180324,16,0.0,0.9364548494983278,
0.5652173913043478,0.7950819672131149,17,0.5448154657293498,0.6822742474916388,
1.0,0.9918032786885247,18,0.9630931458699473,0.5117056856187291,
0.8043478260869564,0.9262295081967213,19,0.7750439367311074,0.6187290969899666,
0.021739130434782622,0.3811475409836065,20,0.021089630931458714,1.0,
0.5869565217391305,0.6434426229508197,21,0.5641476274165202,0.5451505016722408,
0.28260869565217395,0.49180327868852447,22,0.2724077328646749,0.725752508361204,
0.7391304347826088,0.6680327868852458,23,0.7117750439367312,0.42140468227424754,
0.782608695652174,0.9057377049180328,24,0.7539543057996486,0.5451505016722408,
0.717391304347826,0.819672131147541,25,0.6906854130052725,0.5719063545150502,
0.6521739130434783,0.8073770491803278,26,0.6274165202108963,0.68561872909699,
0.5,0.42622950819672134,10,0.4815465729349737,0.4548494983277592,
0.6956521739130435,0.6721311475409837,0,0.6695957820738138,0.4581939799331104,
0.717391304347826,0.6434426229508197,1,0.6906854130052725,0.34448160535117056,
0.6956521739130435,0.7254098360655739,2,0.6695957820738138,0.47157190635451507,
0.6304347826086957,0.528688524590164,3,0.6063268892794377,0.4180602006688964,
0.6956521739130435,0.6598360655737705,4,0.6695957820738138,0.5016722408026756,
0.782608695652174,0.9467213114754098,5,0.7539543057996486,0.5351170568561873,
0.32608695652173914,0.5573770491803278,6,0.3145869947275922,0.6354515050167224,
0.5,0.44262295081967207,7,0.4815465729349737,0.3946488294314382,
0.3695652173913043,0.4180327868852459,8,0.35500878734622143,0.5785953177257526,
0.3695652173913043,0.6926229508196722,9,0.35500878734622143,0.6923076923076923,
0.6739130434782609,0.6475409836065573,12,0.648506151142355,0.4448160535117057,
0.8043478260869564,0.7418032786885247,13,0.7750439367311074,0.3511705685618729,
0.5652173913043478,0.6434426229508197,14,0.5448154657293498,0.4983277591973244,
0.9130434782608695,0.7131147540983607,15,0.8787346221441125,0.38795986622073586,
0.08695652173913046,0.3114754098360656,16,0.08435852372583483,0.9431438127090301,
0.5434782608695652,0.6926229508196722,17,0.523725834797891,0.6655518394648829,
0.7391304347826088,0.7131147540983607,18,0.7117750439367312,0.5685618729096991,
0.26086956521739135,0.020491803278688492,1,0.5957820738137083,0.013377926421404729,
0.30434782608695654,0.15573770491803274,2,0.6695957820738138,0.06688963210702342,
0.30434782608695654,0.12704918032786883,3,0.6695957820738138,0.0,
0.15217391304347824,0.04508196721311475,4,0.4130052724077329,0.06688963210702342,
0.5,0.22540983606557374,5,0.9999999999999999,0.006688963210702392,
