wins,losses,goals_for,team_name,goals_against,goal_difference
0.660377358490566,0.2166666666666667,0.7244094488188976,1,0.4983277591973244,0.6794117647058823
0.41509433962264153,0.31666666666666665,0.6968503937007874,2,0.5451505016722408,0.6176470588235293
0.6981132075471698,0.25,0.9015748031496064,3,0.49498327759197325,0.8147058823529412
0.7547169811320755,0.19999999999999998,0.6653543307086615,5,0.3210702341137124,0.7911764705882353
0.4716981132075472,0.44999999999999996,0.6220472440944883,9,0.6120401337792643,0.5029411764705882
0.5283018867924528,0.43333333333333335,0.6181102362204723,10,0.5250836120401338,0.5764705882352941
0.41509433962264153,0.44999999999999996,0.48425196850393704,12,0.5384615384615384,0.46470588235294114
0.6981132075471698,0.2166666666666667,0.8858267716535434,13,0.46488294314381273,0.8294117647058823
0.339622641509434,0.4666666666666667,0.5551181102362205,15,0.5050167224080268,0.5470588235294117
0.5660377358490566,0.31666666666666665,0.6220472440944883,17,0.4481605351170569,0.6470588235294117
0.4339622641509434,0.3666666666666667,0.6181102362204723,19,0.4983277591973244,0.6
0.30188679245283023,0.5666666666666667,0.4251968503937008,20,0.5852842809364549,0.37941176470588234
0.5094339622641509,0.33333333333333326,0.7165354330708661,21,0.5016722408026756,0.6705882352941176
0.4528301886792453,0.43333333333333335,0.5393700787401575,23,0.5083612040133779,0.5323529411764706
0.6037735849056604,0.3666666666666667,0.8937007874015749,25,0.6354515050167224,0.6852941176470588
0.1320754716981132,0.65,0.47637795275590555,26,0.7993311036789297,0.22941176470588232
0.7169811320754716,0.18333333333333332,0.767716535433071,28,0.45150501672240806,0.7529411764705882
0.26415094339622636,0.5833333333333333,0.49606299212598426,30,0.6789297658862876,0.35
0.3584905660377359,0.5333333333333333,0.5039370078740157,31,0.6688963210702341,0.3647058823529411
0.5283018867924528,0.41666666666666663,0.562992125984252,32,0.4782608695652174,0.5764705882352941
0.3207547169811321,0.5333333333333333,0.5708661417322834,33,0.5785953177257526,0.4941176470588235
0.5094339622641509,0.35,0.6102362204724409,1,0.5351170568561873,0.5617647058823529
0.41509433962264153,0.43333333333333335,0.6850393700787402,2,0.6153846153846154,0.5470588235294117
0.41509433962264153,0.43333333333333335,0.7125984251968503,3,0.6354515050167224,0.5499999999999999
0.5094339622641509,0.30000000000000004,0.5590551181102362,5,0.4046822742474917,0.638235294117647
0.6415094339622641,0.23333333333333336,0.8070866141732284,9,0.47157190635451507,0.7647058823529411
0.5094339622641509,0.3833333333333333,0.7086614173228346,10,0.6086956521739131,0.5705882352941176
0.3207547169811321,0.5,0.5196850393700787,12,0.5618729096989967,0.4705882352941176
0.49056603773584906,0.33333333333333326,0.6771653543307087,13,0.6053511705685619,0.5499999999999999
0.4339622641509434,0.5166666666666666,0.515748031496063,15,0.5451505016722408,0.48235294117647054
0.6037735849056604,0.2833333333333333,0.5984251968503936,17,0.3076923076923077,0.7529411764705882
0.5471698113207547,0.33333333333333326,0.6850393700787402,19,0.4816053511705686,0.6647058823529411
0.4716981132075472,0.4,0.6929133858267716,20,0.6153846153846154,0.5529411764705882
0.7735849056603774,0.23333333333333336,0.8110236220472441,21,0.4381270903010034,0.7970588235294117
0.4339622641509434,0.43333333333333335,0.5393700787401575,23,0.5284280936454849,0.5147058823529411
0.5660377358490566,0.35,0.8976377952755906,25,0.6454849498327759,0.6794117647058823
0.20754716981132074,0.6166666666666667,0.5511811023622047,26,0.6789297658862876,0.39117647058823524
0.1509433962264151,0.7833333333333333,0.40944881889763785,27,0.8160535117056857,0.16470588235294115
0.5094339622641509,0.3666666666666667,0.6456692913385828,28,0.5050167224080268,0.6147058823529411
0.39622641509433965,0.5333333333333333,0.46850393700787407,30,0.5986622073578596,0.39999999999999997
0.6226415094339622,0.25,0.6692913385826772,31,0.45150501672240806,0.6794117647058823
0.6792452830188679,0.2666666666666667,0.8464566929133858,32,0.5351170568561873,0.738235294117647
0.4528301886792453,0.35,0.5354330708661418,33,0.43143812709030105,0.5970588235294118
0.7924528301886793,0.25,0.8543307086614172,1,0.5117056856187291,0.7647058823529411
0.5471698113207547,0.41666666666666663,0.8661417322834645,2,0.6086956521739131,0.6882352941176471
0.6415094339622641,0.31666666666666665,0.8149606299212598,3,0.5585284280936456,0.6941176470588235
0.7169811320754716,0.23333333333333336,0.6456692913385828,5,0.3846153846153846,0.7205882352941175
0.7169811320754716,0.2833333333333333,1.0,9,0.5518394648829431,0.838235294117647
0.3207547169811321,0.65,0.5,10,0.7424749163879598,0.2970588235294117
0.3207547169811321,0.6833333333333333,0.6653543307086615,12,0.8494983277591974,0.32647058823529407
0.5660377358490566,0.4,0.8779527559055119,13,0.7525083612040133,0.5705882352941176
0.5094339622641509,0.44999999999999996,0.6181102362204723,15,0.5953177257525084,0.5147058823529411
0.7358490566037736,0.31666666666666665,0.8307086614173228,17,0.5518394648829431,0.7117647058823529
0.5849056603773585,0.43333333333333335,0.7598425196850395,19,0.6153846153846154,0.6029411764705882
0.5849056603773585,0.43333333333333335,0.8661417322834645,20,0.6086956521739131,0.6882352941176471
0.4716981132075472,0.4666666666666667,0.7440944881889765,21,0.6454849498327759,0.5647058823529412
0.018867924528301883,0.9833333333333334,0.34251968503937014,22,0.9364548494983278,0.008823529411764675
0.5094339622641509,0.43333333333333335,0.8031496062992126,23,0.6822742474916388,0.5764705882352941
0.8867924528301887,0.16666666666666666,0.9921259842519684,25,0.5117056856187291,0.8676470588235294
0.7169811320754716,0.2666666666666667,0.9291338582677166,26,0.6187290969899666,0.7264705882352941
0.037735849056603765,1.0,0.4055118110236221,27,1.0,0.0
0.5283018867924528,0.41666666666666663,0.65748031496063,28,0.5451505016722408,0.588235294117647
0.26415094339622636,0.7166666666666667,0.5118110236220472,29,0.725752508361204,0.3205882352941176
0.660377358490566,0.30000000000000004,0.6811023622047244,30,0.42140468227424754,0.7147058823529411
0.6981132075471698,0.30000000000000004,0.9094488188976378,31,0.5451505016722408,0.776470588235294
0.6415094339622641,0.3833333333333333,0.8267716535433071,32,0.5719063545150502,0.6911764705882353
0.5849056603773585,0.43333333333333335,0.8149606299212598,33,0.68561872909699,0.5823529411764705
0.4528301886792453,0.5833333333333333,0.44881889763779526,14,0.4548494983277592,0.5117647058823529
0.6226415094339622,0.30000000000000004,0.6850393700787402,1,0.4581939799331104,0.6852941176470588
0.6415094339622641,0.35,0.65748031496063,2,0.34448160535117056,0.7647058823529411
0.6226415094339622,0.30000000000000004,0.7362204724409448,3,0.47157190635451507,0.7117647058823529
0.5660377358490566,0.41666666666666663,0.547244094488189,5,0.4180602006688964,0.6176470588235293
0.6226415094339622,0.30000000000000004,0.6732283464566929,8,0.5016722408026756,0.638235294117647
0.6981132075471698,0.31666666666666665,0.9488188976377953,9,0.5351170568561873,0.8147058823529412
0.30188679245283023,0.5666666666666667,0.5748031496062992,10,0.6354515050167224,0.44705882352941173
0.4528301886792453,0.3833333333333333,0.46456692913385833,11,0.3946488294314382,0.5764705882352941
0.339622641509434,0.6166666666666667,0.4409448818897638,12,0.5785953177257526,0.3970588235294117
0.339622641509434,0.5666666666666667,0.7047244094488189,13,0.6923076923076923,0.4941176470588235
0.6037735849056604,0.30000000000000004,0.6614173228346457,17,0.4448160535117057,0.6794117647058823
0.7169811320754716,0.23333333333333336,0.751968503937008,19,0.3511705685618729,0.8294117647058823
0.5094339622641509,0.41666666666666663,0.65748031496063,20,0.4983277591973244,0.6294117647058823
0.8113207547169812,0.2166666666666667,0.7244094488188976,21,0.38795986622073586,0.776470588235294
0.09433962264150944,0.8333333333333333,0.3385826771653544,22,0.9431438127090301,0.0
0.49056603773584906,0.4666666666666667,0.7047244094488189,23,0.6655518394648829,0.5176470588235293
0.660377358490566,0.2666666666666667,0.7244094488188976,25,0.5685618729096991,0.6176470588235293
0.4716981132075472,0.5166666666666666,0.6377952755905513,26,0.5919732441471572,0.5323529411764706
0.4528301886792453,0.4,0.5393700787401575,27,0.5016722408026756,0.538235294117647
0.5849056603773585,0.3666666666666667,0.6102362204724409,28,0.5618729096989967,0.538235294117647
0.39622641509433965,0.5333333333333333,0.42913385826771655,29,0.4548494983277592,0.4970588235294117
0.6415094339622641,0.30000000000000004,0.6496062992125985,30,0.4280936454849499,0.6852941176470588
0.6037735849056604,0.4833333333333333,0.6456692913385828,31,0.5384615384615384,0.5852941176470587
0.5660377358490566,0.4,0.6377952755905513,32,0.49498327759197325,0.6176470588235293
0.28301886792452835,0.6666666666666666,0.5118110236220472,33,0.765886287625418,0.28529411764705875
0.1320754716981132,0.2666666666666667,0.03937007874015752,14,0.16387959866220736,0.4617647058823529
0.339622641509434,0.11666666666666667,0.13779527559055116,1,0.040133779264214076,0.6441176470588235
0.2452830188679245,0.13333333333333333,0.05905511811023623,2,0.013377926421404729,0.6088235294117647
0.28301886792452835,0.1,0.1889763779527559,3,0.06688963210702342,0.6588235294117647
0.28301886792452835,0.13333333333333333,0.16141732283464572,5,0.0,0.6970588235294117
0.1509433962264151,0.19999999999999998,0.08267716535433067,8,0.06688963210702342,0.5794117647058823
0.4528301886792453,0.0,0.2559055118110236,9,0.006688963210702392,0.7617647058823529
0.1509433962264151,0.2666666666666667,0.08267716535433067,10,0.22742474916387967,0.438235294117647
0.20754716981132074,0.18333333333333332,0.0,11,0.040133779264214076,0.5411764705882353
0.18867924528301885,0.2166666666666667,0.047244094488189003,12,0.08695652173913049,0.5352941176470588
0.1320754716981132,0.19999999999999998,0.10629921259842523,13,0.19732441471571904,0.48235294117647054
0.16981132075471697,0.19999999999999998,0.03937007874015752,17,0.11036789297658867,0.5088235294117647
0.2452830188679245,0.11666666666666667,0.08267716535433067,19,0.020066889632107066,0.6205882352941176
0.11320754716981132,0.2833333333333333,0.04330708661417326,20,0.14381270903010035,0.48235294117647054
0.2452830188679245,0.19999999999999998,0.09448818897637801,21,0.06354515050167225,0.5911764705882352
0.0,0.3833333333333333,0.007874015748031538,22,0.19732441471571904,0.4088235294117647
0.3584905660377359,0.08333333333333334,0.13779527559055116,23,0.05685618729096992,0.6294117647058823
0.37735849056603776,0.08333333333333334,0.25984251968503935,25,0.14381270903010035,0.6441176470588235
0.39622641509433965,0.033333333333333354,0.27559055118110243,26,0.06354515050167225,0.7264705882352941
0.18867924528301885,0.23333333333333336,0.055118110236220486,27,0.15384615384615385,0.48235294117647054
0.3584905660377359,0.06666666666666668,0.24803149606299213,28,0.06688963210702342,0.7029411764705882
0.1509433962264151,0.2833333333333333,0.01968503937007876,29,0.09698996655518399,0.5058823529411764
0.22641509433962262,0.13333333333333333,0.07874015748031493,30,0.10367892976588633,0.5441176470588235
0.16981132075471697,0.11666666666666667,0.1496062992125985,31,0.11036789297658867,0.5911764705882352
0.2452830188679245,0.11666666666666667,0.08267716535433067,32,0.016722408026755897,0.6235294117647059
0.1320754716981132,0.23333333333333336,0.16535433070866146,33,0.20735785953177255,0.5176470588235293
0.49056603773584906,0.4666666666666667,0.46850393700787407,14,0.44147157190635455,0.538235294117647
0.5849056603773585,0.33333333333333326,0.65748031496063,1,0.5150501672240803,0.6147058823529411
0.4528301886792453,0.5166666666666666,0.5196850393700787,2,0.4916387959866221,0.5323529411764706
0.4716981132075472,0.43333333333333335,0.49606299212598426,3,0.4180602006688964,0.5794117647058823
0.5849056603773585,0.2833333333333333,0.6220472440944883,5,0.3511705685618729,0.7323529411764705
0.7169811320754716,0.23333333333333336,0.8307086614173228,6,0.4180602006688964,0.8294117647058823
0.3207547169811321,0.5166666666666666,0.4409448818897638,8,0.5518394648829431,0.4205882352941176
1.0,0.033333333333333354,0.8267716535433071,9,0.22073578595317733,1.0
0.39622641509433965,0.5499999999999999,0.4921259842519685,10,0.6321070234113713,0.388235294117647
0.6037735849056604,0.33333333333333326,0.547244094488189,11,0.39799331103678937,0.6352941176470588
0.4716981132075472,0.4666666666666667,0.4803149606299213,12,0.4816053511705686,0.5117647058823529
0.28301886792452835,0.4833333333333333,0.5551181102362205,13,0.6254180602006689,0.4411764705882353
0.5849056603773585,0.35,0.5905511811023622,17,0.4448160535117057,0.6264705882352941
0.5283018867924528,0.3666666666666667,0.39370078740157477,19,0.29096989966555187,0.6147058823529411
0.2452830188679245,0.65,0.44881889763779526,20,0.6688963210702341,0.32352941176470584
0.6037735849056604,0.2666666666666667,0.6181102362204723,21,0.40802675585284287,0.6794117647058823
0.16981132075471697,0.7999999999999999,0.2992125984251969,22,0.5886287625418061,0.28235294117647053
0.6792452830188679,0.2166666666666667,0.65748031496063,23,0.3110367892976589,0.7941176470588235
0.7547169811320755,0.30000000000000004,0.9724409448818897,25,0.5652173913043479,0.8058823529411764
0.20754716981132074,0.7333333333333333,0.5393700787401575,27,0.8093645484949832,0.26764705882352935
0.4339622641509434,0.3833333333333333,0.40944881889763785,28,0.4448160535117057,0.4911764705882352
0.5471698113207547,0.35,0.48425196850393704,29,0.4448160535117057,0.5470588235294117
0.4716981132075472,0.41666666666666663,0.5196850393700787,30,0.4581939799331104,0.5617647058823529
0.4339622641509434,0.4,0.641732283464567,31,0.5451505016722408,0.5764705882352941
0.5660377358490566,0.35,0.46850393700787407,32,0.2976588628762542,0.6647058823529411
0.5094339622641509,0.4833333333333333,0.6299212598425198,33,0.5886287625418061,0.5294117647058822
0.5094339622641509,0.3666666666666667,0.5118110236220472,14,0.3946488294314382,0.6117647058823529
0.3207547169811321,0.6,0.46850393700787407,1,0.6187290969899666,0.38235294117647056
0.5849056603773585,0.31666666666666665,0.4803149606299213,2,0.3110367892976589,0.6617647058823529
0.4339622641509434,0.5,0.38976377952755903,3,0.4147157190635452,0.5029411764705882
0.4716981132075472,0.4,0.4251968503937008,5,0.3177257525083612,0.6147058823529411
0.7547169811320755,0.2166666666666667,0.6377952755905513,6,0.3010033444816054,0.788235294117647
0.7358490566037736,0.25,0.5393700787401575,8,0.2775919732441472,0.7352941176470588
0.5471698113207547,0.25,0.5433070866141733,9,0.274247491638796,0.7411764705882352
0.5094339622641509,0.43333333333333335,0.5393700787401575,10,0.44147157190635455,0.5911764705882352
0.49056603773584906,0.2833333333333333,0.4173228346456693,11,0.2876254180602007,0.6352941176470588
0.4339622641509434,0.4666666666666667,0.43700787401574803,12,0.47157190635451507,0.488235294117647
0.3584905660377359,0.5333333333333333,0.38976377952755903,13,0.5117056856187291,0.41764705882352937
0.41509433962264153,0.41666666666666663,0.5275590551181103,17,0.5384615384615384,0.4970588235294117
0.6792452830188679,0.19999999999999998,0.45669291338582674,19,0.2240802675585285,0.7205882352941175
0.37735849056603776,0.5,0.4921259842519685,20,0.45150501672240806,0.5470588235294117
0.5471698113207547,0.3833333333333333,0.562992125984252,21,0.38795986622073586,0.6558823529411764
0.41509433962264153,0.41666666666666663,0.43700787401574803,22,0.39799331103678937,0.5529411764705882
0.6792452830188679,0.2166666666666667,0.625984251968504,23,0.3411371237458194,0.7441176470588234
0.5471698113207547,0.43333333333333335,0.4921259842519685,24,0.4280936454849499,0.5676470588235294
0.5471698113207547,0.41666666666666663,0.6692913385826772,25,0.5518394648829431,0.5911764705882352
0.339622641509434,0.6,0.3779527559055118,27,0.5451505016722408,0.37941176470588234
0.5094339622641509,0.4,0.47637795275590555,28,0.4147157190635452,0.5676470588235294
0.4339622641509434,0.4833333333333333,0.40157480314960636,29,0.44147157190635455,0.488235294117647
0.39622641509433965,0.5499999999999999,0.452755905511811,30,0.5284280936454849,0.44999999999999996
0.49056603773584906,0.4833333333333333,0.5590551181102362,31,0.5284280936454849,0.5294117647058822
0.4528301886792453,0.4833333333333333,0.38976377952755903,32,0.38795986622073586,0.526470588235294
0.3207547169811321,0.5333333333333333,0.35433070866141736,14,0.4882943143812709,0.4117647058823529
0.5660377358490566,0.31666666666666665,0.4173228346456693,1,0.2642140468227425,0.6558823529411764
0.5094339622641509,0.30000000000000004,0.3779527559055118,2,0.24080267558528434,0.6470588235294117
0.3207547169811321,0.5,0.40157480314960636,3,0.4581939799331104,0.47352941176470587
0.4528301886792453,0.5,0.33464566929133854,4,0.34782608695652173,0.5205882352941176
0.39622641509433965,0.4666666666666667,0.3031496062992126,5,0.28093645484949836,0.5558823529411764
0.5660377358490566,0.25,0.45669291338582674,6,0.3010033444816054,0.6529411764705881
0.7547169811320755,0.18333333333333332,0.5,8,0.17391304347826086,0.7970588235294117
0.660377358490566,0.19999999999999998,0.531496062992126,9,0.27090301003344486,0.7352941176470588
0.49056603773584906,0.43333333333333335,0.39370078740157477,10,0.36454849498327757,0.5499999999999999
0.28301886792452835,0.5333333333333333,0.3464566929133859,11,0.47157190635451507,0.4205882352941176
0.5471698113207547,0.3666666666666667,0.4409448818897638,13,0.36789297658862874,0.5823529411764705
0.5283018867924528,0.35,0.4724409448818898,17,0.3110367892976589,0.6558823529411764
0.7358490566037736,0.19999999999999998,0.4330708661417323,19,0.1705685618729097,0.75
0.39622641509433965,0.5,0.38188976377952755,20,0.36789297658862874,0.538235294117647
0.30188679245283023,0.4666666666666667,0.3228346456692913,21,0.38795986622073586,0.4764705882352941
0.4716981132075472,0.3666666666666667,0.30708661417322836,22,0.28428093645484953,0.5558823529411764
0.6226415094339622,0.30000000000000004,0.5,23,0.26086956521739135,0.7205882352941175
0.49056603773584906,0.4,0.42913385826771655,24,0.3745819397993311,0.5676470588235294
0.5849056603773585,0.2166666666666667,0.4448818897637795,25,0.2441471571906355,0.6941176470588235
0.4716981132075472,0.44999999999999996,0.37401574803149606,27,0.3377926421404682,0.5588235294117646
0.6792452830188679,0.30000000000000004,0.5551181102362205,28,0.2976588628762542,0.7294117647058823
0.1509433962264151,0.7333333333333333,0.1417322834645669,29,0.5150501672240803,0.22941176470588232
0.39622641509433965,0.5333333333333333,0.3110236220472441,30,0.40802675585284287,0.44999999999999996
0.30188679245283023,0.5333333333333333,0.42913385826771655,31,0.5284280936454849,0.43235294117647055
0.5849056603773585,0.31666666666666665,0.40944881889763785,32,0.29096989966555187,0.6264705882352941
0.49056603773584906,0.3833333333333333,0.39370078740157477,14,0.30434782608695654,0.6029411764705882
0.5660377358490566,0.31666666666666665,0.38976377952755903,1,0.22073578595317733,0.6735294117647058
0.5283018867924528,0.2833333333333333,0.36220472440944884,2,0.2006688963210702,0.6705882352941176
0.39622641509433965,0.4833333333333333,0.3779527559055118,3,0.39799331103678937,0.5088235294117647
0.4716981132075472,0.31666666666666665,0.37401574803149606,4,0.29096989966555187,0.6
0.37735849056603776,0.5,0.34251968503937014,5,0.4448160535117057,0.4411764705882353
0.660377358490566,0.2833333333333333,0.4881889763779528,6,0.3010033444816054,0.676470588235294
0.7924528301886793,0.13333333333333333,0.47637795275590555,8,0.17725752508361203,0.776470588235294
0.6415094339622641,0.35,0.5118110236220472,9,0.29096989966555187,0.7029411764705882
0.4528301886792453,0.43333333333333335,0.452755905511811,10,0.3712374581939799,0.588235294117647
0.39622641509433965,0.3833333333333333,0.37401574803149606,11,0.37792642140468224,0.5235294117647058
0.4339622641509434,0.5666666666666667,0.2913385826771654,13,0.35785953177257523,0.4794117647058823
0.4339622641509434,0.4666666666666667,0.2716535433070867,17,0.31438127090301005,0.5029411764705882
0.3584905660377359,0.6,0.29527559055118113,18,0.4882943143812709,0.3676470588235293
0.7169811320754716,0.2166666666666667,0.5236220472440946,19,0.27090301003344486,0.7294117647058823
0.28301886792452835,0.6166666666666667,0.3110236220472441,20,0.43143812709030105,0.42941176470588227
0.4528301886792453,0.44999999999999996,0.40157480314960636,21,0.3745819397993311,0.5470588235294117
0.660377358490566,0.19999999999999998,0.4881889763779528,22,0.21404682274247488,0.7529411764705882
0.5283018867924528,0.25,0.45669291338582674,23,0.27090301003344486,0.6794117647058823
0.5660377358490566,0.33333333333333326,0.35433070866141736,24,0.274247491638796,0.6
0.5471698113207547,0.31666666666666665,0.5,25,0.36789297658862874,0.6264705882352941
0.41509433962264153,0.3666666666666667,0.3188976377952756,27,0.254180602006689,0.5911764705882352
0.5283018867924528,0.35,0.4803149606299213,28,0.31438127090301005,0.6588235294117647
0.18867924528301885,0.7166666666666667,0.25196850393700787,29,0.5919732441471572,0.2441176470588235
0.6792452830188679,0.31666666666666665,0.6023622047244094,30,0.38795986622073586,0.6852941176470588
0.26415094339622636,0.6,0.3031496062992126,31,0.4782608695652174,0.38235294117647056
0.41509433962264153,0.5666666666666667,0.33464566929133854,32,0.34448160535117056,0.5235294117647058
0.4716981132075472,0.3666666666666667,0.40157480314960636,14,0.3745819397993311,0.5470588235294117
0.09433962264150944,0.7666666666666666,0.2165354330708662,0,0.6622073578595318,0.15588235294117642
0.28301886792452835,0.3666666666666667,0.37401574803149606,1,0.4448160535117057,0.46470588235294114
0.49056603773584906,0.35,0.3858267716535433,2,0.2976588628762542,0.6029411764705882
0.41509433962264153,0.41666666666666663,0.3779527559055118,3,0.47157190635451507,0.4441176470588235
0.5283018867924528,0.4,0.40157480314960636,4,0.3377926421404682,0.5794117647058823
0.4528301886792453,0.43333333333333335,0.5,5,0.4347826086956522,0.5676470588235294
0.6226415094339622,0.2833333333333333,0.46456692913385833,6,0.2876254180602007,0.6705882352941176
0.6415094339622641,0.19999999999999998,0.3779527559055118,8,0.23076923076923084,0.6558823529411764
0.7358490566037736,0.18333333333333332,0.641732283464567,9,0.3177257525083612,0.776470588235294
0.4339622641509434,0.25,0.43700787401574803,10,0.32441471571906355,0.6176470588235293
0.6415094339622641,0.2666666666666667,0.5078740157480315,11,0.31438127090301005,0.6794117647058823
0.5660377358490566,0.2666666666666667,0.5118110236220472,13,0.37792642140468224,0.6264705882352941
0.49056603773584906,0.3833333333333333,0.3188976377952756,17,0.2642140468227425,0.5823529411764705
0.3584905660377359,0.4833333333333333,0.3307086614173228,18,0.4180602006688964,0.4558823529411764
0.6792452830188679,0.2166666666666667,0.5354330708661418,19,0.29431438127090304,0.7176470588235293
0.28301886792452835,0.6166666666666667,0.3110236220472441,20,0.5351170568561873,0.338235294117647
0.37735849056603776,0.44999999999999996,0.4055118110236221,21,0.4381270903010034,0.4941176470588235
0.6037735849056604,0.2833333333333333,0.5078740157480315,22,0.3177257525083612,0.676470588235294
0.6792452830188679,0.18333333333333332,0.4803149606299213,23,0.21404682274247488,0.7470588235294118
0.5660377358490566,0.33333333333333326,0.4606299212598425,24,0.37792642140468224,0.588235294117647
0.5283018867924528,0.33333333333333326,0.49606299212598426,25,0.4046822742474917,0.5911764705882352
0.49056603773584906,0.31666666666666665,0.4330708661417323,27,0.3311036789297659,0.6088235294117647
0.7924528301886793,0.13333333333333333,0.5236220472440946,28,0.16722408026755853,0.8205882352941176
0.18867924528301885,0.6,0.3503937007874016,29,0.6521739130434783,0.2647058823529411
0.6792452830188679,0.2666666666666667,0.515748031496063,30,0.35785953177257523,0.6470588235294117
0.39622641509433965,0.30000000000000004,0.4409448818897638,31,0.40802675585284287,0.5470588235294117
0.660377358490566,0.2166666666666667,0.4409448818897638,32,0.2642140468227425,0.6735294117647058
0.30188679245283023,0.5,0.28740157480314965,14,0.4347826086956522,0.4088235294117647
0.26415094339622636,0.5666666666666667,0.3779527559055118,0,0.5819397993311037,0.34705882352941175
0.5094339622641509,0.31666666666666665,0.4409448818897638,1,0.4481605351170569,0.5117647058823529
0.6981132075471698,0.31666666666666665,0.4055118110236221,2,0.23076923076923084,0.676470588235294
0.339622641509434,0.41666666666666663,0.3228346456692913,3,0.4046822742474917,0.4617647058823529
0.5471698113207547,0.35,0.38188976377952755,4,0.36789297658862874,0.538235294117647
0.3584905660377359,0.4666666666666667,0.29527559055118113,7,0.3946488294314382,0.44999999999999996
0.37735849056603776,0.4833333333333333,0.37401574803149606,5,0.4381270903010034,0.4705882352941176
0.8113207547169812,0.08333333333333334,0.6102362204724409,6,0.2575250836120402,0.8058823529411764
0.7358490566037736,0.2166666666666667,0.49606299212598426,8,0.24080267558528434,0.7352941176470588
0.7547169811320755,0.15,0.5433070866141733,9,0.29096989966555187,0.7264705882352941
0.5660377358490566,0.2833333333333333,0.5039370078740157,10,0.35785953177257523,0.638235294117647
0.2452830188679245,0.44999999999999996,0.33464566929133854,11,0.4381270903010034,0.4411764705882353
0.5471698113207547,0.2833333333333333,0.5393700787401575,13,0.37792642140468224,0.6470588235294117
0.30188679245283023,0.4666666666666667,0.2086614173228346,16,0.3177257525083612,0.4529411764705882
0.3584905660377359,0.4833333333333333,0.3582677165354331,17,0.39130434782608703,0.49999999999999994
0.4716981132075472,0.41666666666666663,0.27952755905511817,18,0.28428093645484953,0.5352941176470588
0.7358490566037736,0.13333333333333333,0.7086614173228346,19,0.2675585284280937,0.8705882352941177
0.22641509433962262,0.6666666666666666,0.27559055118110243,20,0.5117056856187291,0.3323529411764705
0.4528301886792453,0.5333333333333333,0.531496062992126,21,0.5852842809364549,0.45882352941176463
0.7358490566037736,0.16666666666666666,0.625984251968504,22,0.3010033444816054,0.7794117647058822
0.6415094339622641,0.23333333333333336,0.4921259842519685,23,0.3076923076923077,0.6735294117647058
0.49056603773584906,0.2666666666666667,0.38976377952755903,24,0.32441471571906355,0.5823529411764705
0.6226415094339622,0.2833333333333333,0.6535433070866142,25,0.47157190635451507,0.6499999999999999
0.5849056603773585,0.2666666666666667,0.40157480314960636,27,0.2575250836120402,0.6499999999999999
0.6415094339622641,0.18333333333333332,0.5275590551181103,28,0.2675585284280937,0.7352941176470588
0.28301886792452835,0.6,0.3385826771653544,29,0.5518394648829431,0.3441176470588235
0.5283018867924528,0.30000000000000004,0.4606299212598425,30,0.3076923076923077,0.6499999999999999
0.5094339622641509,0.2833333333333333,0.4881889763779528,31,0.41137123745819404,0.5794117647058823
0.6037735849056604,0.2666666666666667,0.46456692913385833,32,0.3210702341137124,0.6411764705882352
0.37735849056603776,0.5166666666666666,0.2362204724409449,14,0.2775919732441472,0.5088235294117647
0.18867924528301885,0.6,0.2834645669291339,0,0.5785953177257526,0.2794117647058823
0.6415094339622641,0.2166666666666667,0.47637795275590555,1,0.2876254180602007,0.6794117647058823
0.49056603773584906,0.4,0.3858267716535433,2,0.28428093645484953,0.6147058823529411
0.4339622641509434,0.4,0.3385826771653544,3,0.3511705685618729,0.5205882352941176
0.49056603773584906,0.25,0.40157480314960636,4,0.3411371237458194,0.5764705882352941
0.2452830188679245,0.6,0.19291338582677164,7,0.4682274247491639,0.30882352941176466
0.6037735849056604,0.2666666666666667,0.3976377952755906,5,0.3076923076923077,0.6029411764705882
0.6792452830188679,0.2833333333333333,0.38188976377952755,6,0.1806020066889632,0.7029411764705882
0.5094339622641509,0.2833333333333333,0.39370078740157477,8,0.3277591973244147,0.5823529411764705
0.7924528301886793,0.1,0.5354330708661418,9,0.24080267558528434,0.7647058823529411
0.5471698113207547,0.2833333333333333,0.35433070866141736,10,0.2240802675585285,0.6441176470588235
0.2452830188679245,0.5499999999999999,0.2559055118110236,11,0.45150501672240806,0.3705882352941176
0.5849056603773585,0.2666666666666667,0.38976377952755903,13,0.25083612040133785,0.6470588235294117
0.3207547169811321,0.4,0.31496062992125984,16,0.41137123745819404,0.44999999999999996
0.5094339622641509,0.33333333333333326,0.36220472440944884,17,0.31438127090301005,0.5705882352941176
0.3584905660377359,0.5,0.3188976377952756,18,0.3846153846153846,0.4764705882352941
0.6037735849056604,0.2833333333333333,0.35433070866141736,19,0.24080267558528434,0.6294117647058823
0.6226415094339622,0.2833333333333333,0.4881889763779528,20,0.3511705685618729,0.6323529411764706
0.5094339622641509,0.44999999999999996,0.4409448818897638,21,0.4782608695652174,0.48529411764705876
0.5660377358490566,0.2666666666666667,0.5039370078740157,22,0.3110367892976589,0.6794117647058823
0.6226415094339622,0.2666666666666667,0.46850393700787407,23,0.2575250836120402,0.7
0.5849056603773585,0.2666666666666667,0.4448818897637795,24,0.3177257525083612,0.6294117647058823
0.3584905660377359,0.5,0.32677165354330706,25,0.4481605351170569,0.42647058823529405
0.660377358490566,0.2666666666666667,0.5236220472440946,27,0.28093645484949836,0.7205882352941175
0.6415094339622641,0.2666666666666667,0.4409448818897638,28,0.2441471571906355,0.6911764705882353
0.339622641509434,0.4833333333333333,0.24803149606299213,29,0.34782608695652173,0.4558823529411764
0.6415094339622641,0.23333333333333336,0.5275590551181103,30,0.3076923076923077,0.7
0.6226415094339622,0.31666666666666665,0.547244094488189,31,0.3210702341137124,0.7029411764705882
0.5094339622641509,0.3666666666666667,0.4448818897637795,32,0.4180602006688964,0.5411764705882353
0.5849056603773585,0.2666666666666667,0.3464566929133859,14,0.26086956521739135,0.6058823529411764
0.41509433962264153,0.4666666666666667,0.43700787401574803,0,0.5652173913043479,0.4058823529411764
0.5094339622641509,0.33333333333333326,0.5118110236220472,1,0.40802675585284287,0.6
0.339622641509434,0.43333333333333335,0.29527559055118113,2,0.34782608695652173,0.4911764705882352
0.37735849056603776,0.41666666666666663,0.27952755905511817,3,0.37792642140468224,0.4529411764705882
0.2452830188679245,0.5333333333333333,0.22047244094488194,4,0.4180602006688964,0.37352941176470583
0.37735849056603776,0.5166666666666666,0.3858267716535433,7,0.49498327759197325,0.42941176470588227
0.39622641509433965,0.3666666666666667,0.36220472440944884,5,0.3712374581939799,0.5205882352941176
0.6226415094339622,0.13333333333333333,0.5354330708661418,6,0.2642140468227425,0.7441176470588234
0.6981132075471698,0.1,0.5118110236220472,8,0.1806020066889632,0.7999999999999999
0.7358490566037736,0.15,0.6062992125984251,9,0.29431438127090304,0.7705882352941176
0.5094339622641509,0.25,0.45669291338582674,10,0.3846153846153846,0.5794117647058823
0.28301886792452835,0.41666666666666663,0.24015748031496065,11,0.40802675585284287,0.3970588235294117
0.4528301886792453,0.43333333333333335,0.3464566929133859,13,0.35451505016722407,0.5235294117647058
0.6226415094339622,0.30000000000000004,0.32677165354330706,16,0.21070234113712372,0.6352941176470588
0.39622641509433965,0.4,0.3582677165354331,17,0.39799331103678937,0.4941176470588235
0.339622641509434,0.4,0.26771653543307083,18,0.30434782608695654,0.5088235294117647
0.6981132075471698,0.15,0.3976377952755906,19,0.1705685618729097,0.7235294117647059
0.49056603773584906,0.3833333333333333,0.42913385826771655,20,0.38795986622073586,0.5558823529411764
0.4339622641509434,0.41666666666666663,0.37401574803149606,21,0.38795986622073586,0.5147058823529411
0.8113207547169812,0.16666666666666666,0.5826771653543307,22,0.2240802675585285,0.8147058823529412
0.6792452830188679,0.15,0.3779527559055118,23,0.1705685618729097,0.7088235294117646
0.41509433962264153,0.4,0.3503937007874016,24,0.3846153846153846,0.49999999999999994
0.339622641509434,0.5499999999999999,0.2913385826771654,25,0.4682274247491639,0.38235294117647056
0.3584905660377359,0.43333333333333335,0.38976377952755903,27,0.4147157190635452,0.5029411764705882
0.6037735849056604,0.2166666666666667,0.5433070866141733,28,0.35785953177257523,0.6676470588235294
0.5094339622641509,0.23333333333333336,0.40944881889763785,29,0.3177257525083612,0.6029411764705882
0.660377358490566,0.2833333333333333,0.47637795275590555,30,0.3110367892976589,0.6588235294117647
0.6792452830188679,0.19999999999999998,0.5866141732283464,31,0.3110367892976589,0.7411764705882352
0.5660377358490566,0.30000000000000004,0.42913385826771655,32,0.3511705685618729,0.588235294117647
0.37735849056603776,0.4,0.2716535433070867,14,0.3277591973244147,0.4911764705882352
0.4528301886792453,0.43333333333333335,0.38976377952755903,0,0.4280936454849499,0.4911764705882352
0.6037735849056604,0.13333333333333333,0.3700787401574803,1,0.2441471571906355,0.638235294117647
0.5283018867924528,0.3833333333333333,0.4133858267716536,2,0.35451505016722407,0.5735294117647058
0.6226415094339622,0.31666666666666665,0.33464566929133854,3,0.20401337792642138,0.6470588235294117
0.3584905660377359,0.3833333333333333,0.22440944881889768,4,0.31438127090301005,0.46764705882352936
0.30188679245283023,0.5666666666666667,0.2440944881889764,7,0.41137123745819404,0.3970588235294117
0.20754716981132074,0.5333333333333333,0.28740157480314965,5,0.4816053511705686,0.3676470588235293
