rank,change,country,un_region,un_subregion,population_2022,population_2023
Country or territory Population (1 July 2022) Population (1 July 2023) Change (%),,,,,,
,+0.88%,World,,,"8,021,407,192","8,091,734,930"
,+0.89%,India,Asia,Southern Asia,"1,425,423,212","1,438,069,596"
,−0.18%,China a,Asia,Eastern Asia,"1,425,179,569","1,422,584,933"
,+0.57%,United States,Americas,Northern America,"341,534,046","343,477,335"
,+0.85%,Indonesia,Asia,South-eastern Asia,"278,830,529","281,190,067"
,+1.56%,Pakistan,Asia,Southern Asia,"243,700,667","247,504,495"
,+2.12%,Nigeria,Africa,Western Africa,"223,150,896","227,882,945"
,+0.40%,Brazil,Americas,South America,"210,306,415","211,140,729"
,+1.23%,Bangladesh,Asia,Southern Asia,"169,384,897","171,466,990"
,−0.10%,Russia,Europe,Eastern Europe,"145,579,899","145,440,500"
,+0.88%,Mexico,Americas,Central America,"128,613,117","129,739,759"
,+2.64%,Ethiopia,Africa,Eastern Africa,"125,384,287","128,691,692"
,−0.50%,Japan,Asia,Eastern Asia,"124,997,578","124,370,947"
,+0.81%,Philippines,Asia,South-eastern Asia,"113,964,338","114,891,199"
,+1.70%,Egypt,Africa,Northern Africa,"112,618,250","114,535,772"
,+3.31%,DR Congo,Africa,Middle Africa,"102,396,968","105,789,731"
,+0.67%,Vietnam,Asia,South-eastern Asia,"99,680,655","100,352,192"
,+1.21%,Iran,Asia,Southern Asia,"89,524,246","90,608,707"
,+0.24%,Turkey,Asia,Western Asia,"87,058,473","87,270,501"
,+0.55%,Germany,Europe,Western Europe,"84,086,227","84,548,231"
,−0.05%,Thailand,Asia,South-eastern Asia,"71,735,329","71,702,435"
,+0.74%,United Kingdom,Europe,Northern Europe,"68,179,315","68,682,962"
,+2.95%,Tanzania b,Africa,Eastern Africa,"64,711,821","66,617,606"
,+0.24%,France c,Europe,Western Europe,"66,277,409","66,438,822"
,+1.34%,South Africa,Africa,Southern Africa,"62,378,410","63,212,384"
,−0.20%,Italy,Europe,Southern Europe,"59,619,115","59,499,453"
,+2.00%,Kenya,Africa,Eastern Africa,"54,252,461","55,339,003"
,+0.70%,Myanmar,Asia,South-eastern Asia,"53,756,787","54,133,798"
,+1.13%,Colombia,Americas,South America,"51,737,944","52,321,152"
,−0.07%,South Korea,Asia,Eastern Asia,"51,782,512","51,748,739"
,+1.34%,Sudan,Africa,Northern Africa,"49,383,346","50,042,791"
,+2.84%,Uganda,Africa,Eastern Africa,"47,312,719","48,656,601"
,+0.17%,Spain d,Europe,Southern Europe,"47,828,382","47,911,579"
,+1.51%,Algeria,Africa,Northern Africa,"45,477,389","46,164,219"
,+0.29%,Argentina,Americas,South America,"45,407,904","45,538,401"
,+2.28%,Iraq,Asia,Western Asia,"44,070,551","45,074,049"
,+2.16%,Afghanistan,Asia,Southern Asia,"40,578,842","41,454,761"
,+3.06%,Yemen,Asia,Western Asia,"38,222,876","39,390,799"
,+1.23%,Canada,Americas,Northern America,"38,821,259","39,299,105"
,+0.98%,Poland,Europe,Eastern Europe,"38,385,739","38,762,844"
,−8.08%,Ukraine e,Europe,Eastern Europe,"41,048,766","37,732,836"
,+1.03%,Morocco,Africa,Northern Africa,"37,329,064","37,712,505"
,+3.13%,Angola,Africa,Middle Africa,"35,635,029","36,749,906"
,+2.04%,Uzbekistan,Asia,Central Asia,"34,938,955","35,652,307"
,+1.24%,Malaysia,Asia,South-eastern Asia,"34,695,493","35,126,298"
,+1.11%,Peru,Americas,South America,"33,475,438","33,845,617"
,+1.93%,Ghana,Africa,Western Africa,"33,149,152","33,787,914"
,+3.00%,Mozambique,Africa,Eastern Africa,"32,656,246","33,635,160"
,+0.28%,Saudi Arabia,Asia,Western Asia,"32,175,352","32,264,292"
,+2.49%,Madagascar,Africa,Eastern Africa,"30,437,261","31,195,932"
,+2.54%,Ivory Coast,Africa,Western Africa,"30,395,002","31,165,654"
,+0.84%,Nepal,Asia,Southern Asia,"29,715,436","29,964,614"
,+2.68%,Cameroon,Africa,Middle Africa,"27,632,771","28,372,687"
,+0.31%,Venezuela,Americas,South America,"28,213,017","28,300,854"
,+0.95%,Australia f,Oceania,Australia and New Zealand,"26,200,984","26,451,124"
,+0.34%,North Korea,Asia,Eastern Asia,"26,329,845","26,418,204"
,+3.35%,Niger,Africa,Western Africa,"25,311,973","26,159,867"
,+3.02%,Mali,Africa,Western Africa,"23,072,640","23,769,127"
,+5.04%,Syria,Asia,Western Asia,"22,462,173","23,594,623"
,−0.44%,Taiwan g,Asia,Eastern Asia,"23,420,111","23,317,145"
,+2.30%,Burkina Faso,Africa,Western Africa,"22,509,038","23,025,776"
,+0.60%,Sri Lanka,Asia,Southern Asia,"22,834,965","22,971,617"
,+2.60%,Malawi,Africa,Eastern Africa,"20,568,728","21,104,482"
,+2.83%,Zambia,Africa,Eastern Africa,"20,152,938","20,723,965"
,+1.47%,Kazakhstan,Asia,Central Asia,"20,034,609","20,330,104"
,+0.54%,Chile,Americas,South America,"19,553,036","19,658,835"
,+4.68%,Chad,Africa,Middle Africa,"18,455,316","19,319,064"
,−0.25%,Romania,Europe,Eastern Europe,"19,166,772","19,118,479"
,+3.13%,Somalia h,Africa,Eastern Africa,"17,801,897","18,358,615"
,+1.55%,Guatemala,Americas,Central America,"17,847,877","18,124,838"
,+2.42%,Senegal,Africa,Western Africa,"17,651,103","18,077,573"
,+1.05%,Netherlands i,Europe,Western Europe,"17,904,421","18,092,524"
,+0.88%,Ecuador,Americas,South America,"17,823,897","17,980,083"
,+1.29%,Cambodia,Asia,South-eastern Asia,"17,201,724","17,423,880"
,+1.69%,Zimbabwe,Africa,Eastern Africa,"16,069,056","16,340,822"
,+2.49%,Guinea,Africa,Western Africa,"14,055,137","14,405,465"
,+2.55%,Benin,Africa,Western Africa,"13,759,501","14,111,034"
,+2.22%,Rwanda,Africa,Eastern Africa,"13,651,030","13,954,471"
,+2.77%,Burundi,Africa,Eastern Africa,"13,321,097","13,689,450"
,+1.38%,Bolivia,Americas,South America,"12,077,154","12,244,159"
,+0.67%,Tunisia,Africa,Northern Africa,"12,119,334","12,200,431"
,+0.61%,Belgium,Europe,Western Europe,"11,641,820","11,712,893"
,+1.16%,Haiti,Americas,Caribbean,"11,503,606","11,637,398"
,+4.19%,South Sudan,Africa,Eastern Africa,"11,021,177","11,483,374"
,+1.63%,Jordan,Asia,Western Asia,"11,256,263","11,439,213"
,+0.90%,Dominican Republic,Americas,Caribbean,"11,230,734","11,331,265"
,−0.36%,Cuba,Americas,Caribbean,"11,059,820","11,019,931"
,+1.28%,Czechia,Europe,Eastern Europe,"10,673,213","10,809,716"
,+1.73%,Honduras,Americas,Central America,"10,463,872","10,644,851"
,+3.91%,United Arab Emirates,Asia,Western Asia,"10,242,086","10,642,081"
,+0.61%,Sweden,Europe,Northern Europe,"10,487,338","10,551,494"
,+0.13%,Portugal j,Europe,Southern Europe,"10,417,073","10,430,738"
,+2.04%,Tajikistan,Asia,Central Asia,"10,182,222","10,389,799"
,+1.83%,Papua New Guinea,Oceania,Melanesia,"10,203,169","10,389,635"
,+0.22%,Azerbaijan,Asia,Western Asia,"10,295,304","10,318,207"
,−1.63%,Greece,Europe,Southern Europe,"10,412,480","10,242,908"
,−2.79%,Hungary,Europe,Eastern Europe,"9,964,306","9,686,463"
,+2.36%,Togo,Africa,Western Africa,"9,089,738","9,304,337"
,+1.68%,Israel,Asia,Western Asia,"9,103,151","9,256,314"
,+0.73%,Austria,Europe,Western Europe,"9,064,677","9,130,429"
,−0.63%,Belarus,Europe,Eastern Europe,"9,173,237","9,115,680"
,+0.89%,Switzerland,Europe,Western Europe,"8,792,182","8,870,561"
,+2.22%,Sierra Leone,Africa,Western Africa,"8,276,807","8,460,512"
,+1.40%,Laos,Asia,South-eastern Asia,"7,559,007","7,664,993"
,−0.31%,Hong Kong China k,Asia,Eastern Asia,"7,465,915","7,442,734"
,+1.86%,Turkmenistan,Asia,Central Asia,"7,230,193","7,364,438"
,+1.13%,Libya,Africa,Northern Africa,"7,223,805","7,305,659"
,+1.69%,Kyrgyzstan,Asia,Central Asia,"6,955,788","7,073,516"
,+1.24%,Paraguay,Americas,South America,"6,760,464","6,844,146"
,+1.38%,Nicaragua,Americas,Central America,"6,730,654","6,823,613"
,−0.44%,Bulgaria,Europe,Eastern Europe,"6,825,864","6,795,803"
,−0.27%,Serbia l,Europe,Southern Europe,"6,791,213","6,773,201"
,+0.47%,El Salvador,Americas,Central America,"6,280,319","6,309,624"
,+2.45%,Congo,Africa,Middle Africa,"6,035,104","6,182,885"
,+0.77%,Denmark,Europe,Northern Europe,"5,902,904","5,948,136"
,+2.46%,Singapore,Asia,South-eastern Asia,"5,649,885","5,789,090"
,−0.19%,Lebanon,Asia,Western Asia,"5,744,489","5,733,493"
,+0.57%,Finland m,Europe,Northern Europe,"5,569,299","5,601,185"
,+1.12%,Norway n,Europe,Northern Europe,"5,457,801","5,519,167"
,+0.82%,Slovakia,Europe,Eastern Europe,"5,473,197","5,518,055"
,+2.23%,Liberia,Africa,Western Africa,"5,373,294","5,493,031"
,+1.96%,Palestine o,Asia,Western Asia,"5,305,270","5,409,202"
,+1.69%,Ireland,Europe,Northern Europe,"5,110,016","5,196,630"
,+0.80%,New Zealand,Oceania,Australia and New Zealand,"5,131,734","5,172,836"
,+1.07%,Central African Republic,Africa,Middle Africa,"5,098,039","5,152,421"
,+0.47%,Costa Rica,Americas,Central America,"5,081,765","5,105,525"
,+6.74%,Oman,Asia,Western Asia,"4,730,226","5,049,269"
,+3.01%,Mauritania,Africa,Western Africa,"4,875,637","5,022,441"
,+5.43%,Kuwait,Asia,Western Asia,"4,589,511","4,838,782"
,+1.32%,Panama,Americas,Central America,"4,400,773","4,458,759"
,−0.28%,Croatia,Europe,Southern Europe,"3,907,027","3,896,023"
,+0.33%,Georgia p,Asia,Western Asia,"3,794,784","3,807,492"
,+1.79%,Eritrea,Africa,Eastern Africa,"3,409,447","3,470,390"
,+1.36%,Mongolia,Asia,Eastern Asia,"3,386,015","3,431,932"
,−0.08%,Uruguay,Americas,South America,"3,390,913","3,388,081"
,+0.03%,Puerto Rico United States,Americas,Caribbean,"3,240,968","3,242,023"
,−0.62%,Bosnia and Herzegovina,Europe,Southern Europe,"3,204,802","3,185,073"
,+0.89%,Moldova q,Europe,Eastern Europe,"3,039,985","3,067,070"
,+2.99%,Qatar,Asia,Western Asia,"2,892,455","2,979,082"
,+2.54%,Namibia,Africa,Southern Africa,"2,889,662","2,963,095"
,+2.17%,Armenia,Asia,Western Asia,"2,880,874","2,943,393"
,+1.32%,Lithuania,Europe,Northern Europe,"2,816,919","2,854,099"
,+0.02%,Jamaica,Americas,Caribbean,"2,839,144","2,839,786"
,−0.56%,Albania,Europe,Southern Europe,"2,827,608","2,811,655"
,+2.33%,Gambia,Africa,Western Africa,"2,636,470","2,697,845"
,+2.22%,Gabon,Africa,Middle Africa,"2,430,747","2,484,789"
,+1.65%,Botswana,Africa,Southern Africa,"2,439,892","2,480,244"
,+1.11%,Lesotho,Africa,Southern Africa,"2,286,110","2,311,472"
,+2.27%,Guinea-Bissau,Africa,Western Africa,"2,105,529","2,153,339"
,+0.15%,Slovenia,Europe,Southern Europe,"2,115,228","2,118,396"
,+0.07%,Latvia,Europe,Northern Europe,"1,881,063","1,882,396"
,+2.44%,Equatorial Guinea,Africa,Middle Africa,"1,803,545","1,847,549"
,−0.46%,North Macedonia,Europe,Southern Europe,"1,840,233","1,831,802"
,−1.04%,Kosovo r,Europe,Southern Europe,"1,717,946","1,700,031"
,+2.36%,Bahrain,Asia,Western Asia,"1,533,459","1,569,666"
,+0.47%,Trinidad and Tobago,Americas,Caribbean,"1,495,921","1,502,932"
,+1.09%,Timor-Leste,Asia,South-eastern Asia,"1,369,295","1,384,286"
,+1.27%,Estonia,Europe,Northern Europe,"1,350,091","1,367,196"
,+1.02%,Cyprus s,Asia,Western Asia,"1,331,370","1,344,976"
,−0.20%,Mauritius,Africa,Eastern Africa,"1,276,130","1,273,588"
,+0.95%,Eswatini,Africa,Southern Africa,"1,218,917","1,230,506"
,+1.39%,Djibouti,Africa,Eastern Africa,"1,137,096","1,152,944"
,+0.51%,Fiji,Oceania,Melanesia,"919,422","924,145"
,+0.38%,Réunion France,Africa,Eastern Africa,"871,540","874,883"
,+1.94%,Comoros,Africa,Eastern Africa,"834,188","850,387"
,+0.57%,Guyana,Americas,South America,"821,637","826,353"
,+2.42%,Solomon Islands,Oceania,Melanesia,"781,066","800,005"
,+0.70%,Bhutan,Asia,Southern Asia,"780,914","786,385"
,+1.36%,Macao China t,Asia,Eastern Asia,"704,356","713,912"
,+1.80%,Luxembourg,Europe,Western Europe,"653,313","665,098"
,+3.08%,Montenegro,Europe,Southern Europe,"614,648","633,552"
,+0.92%,Suriname,Americas,South America,"623,164","628,886"
,+1.93%,Western Sahara disputed,Africa,Northern Africa,"568,739","579,729"
,+0.90%,Malta,Europe,Southern Europe,"528,192","532,956"
,+0.36%,Maldives,Asia,Southern Asia,"524,106","525,994"
,+0.50%,Cape Verde,Africa,Western Africa,"519,741","522,331"
,+0.79%,Brunei,Asia,South-eastern Asia,"455,370","458,949"
,+2.08%,Belize,Americas,Central America,"402,733","411,106"
,+0.48%,Bahamas,Americas,Caribbean,"397,538","399,440"
,+1.89%,Iceland,Europe,Northern Europe,"380,356","387,558"
,−2.13%,Guadeloupe France,Americas,Caribbean,"384,697","376,517"
,−0.99%,Martinique France,Americas,Caribbean,"349,459","346,002"
,+2.35%,Vanuatu,Oceania,Melanesia,"313,046","320,409"
,+3.52%,Mayotte France,Africa,Eastern Africa,"305,269","316,015"
,+1.71%,French Guiana France,Americas,South America,"298,306","303,402"
,+0.96%,New Caledonia France,Oceania,Melanesia,"287,123","289,870"
,−2.07%,Barbados,Americas,Caribbean,"288,318","282,336"
,+0.26%,French Polynesia France,Oceania,Polynesia,"280,378","281,118"
,+2.02%,São Tomé and Príncipe,Africa,Middle Africa,"226,305","230,871"
,+0.65%,Samoa,Oceania,Polynesia,"215,261","216,663"
,+0.04%,Curaçao Netherlands,Americas,Caribbean,"185,345","185,427"
,+0.28%,Saint Lucia,Americas,Caribbean,"178,781","179,285"
,+0.80%,Guam United States,Oceania,Micronesia,"165,180","166,506"
,+1.58%,Kiribati,Oceania,Micronesia,"130,469","132,530"
,+1.94%,Seychelles,Africa,Eastern Africa,"125,522","127,951"
,+0.14%,Grenada,Americas,Caribbean,"116,913","117,081"
,+0.46%,Micronesia,Oceania,Micronesia,"112,114","112,630"
,−0.42%,Tonga,Oceania,Polynesia,"105,042","104,597"
,+0.15%,Aruba Netherlands,Americas,Caribbean,"107,782","107,939"
,+0.18%,Jersey United Kingdom,Europe,Northern Europe,"103,490","103,674"
,−0.71%,Saint Vincent and the Grenadines,Americas,Caribbean,"102,046","101,323"
,+0.51%,Antigua and Barbuda,Americas,Caribbean,"92,840","93,316"
,−0.93%,U.S. Virgin Islands United States,Americas,Caribbean,"86,507","85,701"
,+0.04%,Isle of Man United Kingdom,Europe,Northern Europe,"84,132","84,165"
,+1.44%,Andorra,Europe,Southern Europe,"79,705","80,856"
,+2.02%,Cayman Islands United Kingdom,Americas,Caribbean,"71,591","73,038"
,−0.47%,Dominica,Americas,Caribbean,"66,826","66,510"
,−0.08%,Bermuda United Kingdom,Americas,Northern America,"64,749","64,698"
,+0.46%,Guernsey United Kingdom,Europe,Northern Europe,"63,725","64,017"
,+1.69%,Greenland Denmark,Americas,Northern America,"54,990","55,922"
,+1.30%,Faroe Islands Denmark,Europe,Northern Europe,"54,011","54,714"
,−1.70%,American Samoa United States,Oceania,Polynesia,"48,342","47,521"
,+0.10%,Saint Kitts and Nevis,Americas,Caribbean,"46,709","46,758"
,+0.77%,Turks and Caicos Islands United Kingdom,Americas,Caribbean,"45,847","46,198"
,−2.03%,Northern Mariana Islands United States,Oceania,Micronesia,"46,078","45,143"
,+1.45%,Sint Maarten Netherlands,Americas,Caribbean,"42,139","42,749"
,+0.71%,Liechtenstein,Europe,Western Europe,"39,317","39,598"
,+1.74%,British Virgin Islands United Kingdom,Americas,Caribbean,"38,319","38,985"
,+0.06%,Monaco,Europe,Western Europe,"38,931","38,956"
,+2.29%,Gibraltar United Kingdom,Europe,Southern Europe,"37,609","38,471"
,−3.12%,Marshall Islands,Oceania,Micronesia,"40,077","38,827"
,−1.05%,San Marino,Europe,Southern Europe,"34,090","33,733"
,+4.44%,Caribbean Netherlands Netherlands u,Americas,Caribbean,"28,627","29,898"
,−4.69%,Saint Martin France,Americas,Caribbean,"28,870","27,515"
,−0.18%,Palau,Oceania,Micronesia,"17,759","17,727"
,+1.62%,Anguilla United Kingdom,Americas,Caribbean,"14,180","14,410"
,−3.40%,Cook Islands,Oceania,Polynesia,"14,723","14,222"
,+0.63%,Nauru,Oceania,Micronesia,"11,801","11,875"
,−0.94%,Wallis and Futuna France,Oceania,Polynesia,"11,478","11,370"
,+1.51%,Saint Barthélemy France,Americas,Caribbean,"10,920","11,085"
,−1.76%,Tuvalu,Oceania,Polynesia,"9,992","9,816"
,−0.89%,Saint Pierre and Miquelon France,Americas,Northern America,"5,732","5,681"
,−1.01%,Saint Helena United Kingdom v,Africa,Western Africa,"5,343","5,289"
,−0.74%,Montserrat United Kingdom,Americas,Caribbean,"4,453","4,420"
,−0.37%,Falkland Islands United Kingdom,Americas,South America,"3,490","3,477"
,+4.67%,Tokelau New Zealand,Oceania,Polynesia,"2,290","2,397"
,−0.22%,Niue,Oceania,Polynesia,"1,821","1,817"
,−1.78%,Vatican City w,Europe,Southern Europe,505,496
