name,price
"<span>Amazon Fire HD 10 tablet (newest model) built for relaxation, 10.1"" vibrant Full HD screen, octa-core processor, 3 GB RAM, 32 GB, Lilac</span>","<span class=""a-price-whole"">139<span class=""a-price-decimal"">.</span></span>"
"<span>Apple iPad 11-inch: A16 chip, 11-inch Model, Liquid Retina Display, 128GB, Wi-Fi 6, 12MP Front/12MP Back Camera, Touch ID, All-Day Battery Life — Blue</span>","<span class=""a-price-whole"">329<span class=""a-price-decimal"">.</span></span>"
"<span>Amazon Fire HD 10 tablet (newest model) built for relaxation, 10.1"" vibrant Full HD screen, octa-core processor, 3 GB RAM, 32 GB, Lilac</span>","<span class=""a-price-whole"">139<span class=""a-price-decimal"">.</span></span>"
"<span>COOPERS Tablet 10 inch, Android 15 Tablet, 32GB ROM 1TB Expand Computer Tablets, Quad Core Processor 6000mAh Battery, 1280x800 IPS Touch Screen, 2+8MP Dual HD Camera, Bluetooth WiFi Tablets PC</span>","<span class=""a-price-whole"">54<span class=""a-price-decimal"">.</span></span>"
"<span>Samsung Galaxy Tab A11+ 6GB RAM, 128GB Storage, Optimized Performance, Long Lasting Battery, Expandable Storage, Large Display, Dolby Atmos Speakers, AI Assist, Slim, Light, 2 Year Warranty, Gray</span>","<span class=""a-price-whole"">249<span class=""a-price-decimal"">.</span></span>"
"<span>Amazon Fire HD 10 Kids tablet (newest model) ages 3-7 | Bright 10.1"" HD screen with included ad-free and exclusive content, robust parental controls, 13-hr battery, 32 GB, Pink</span>","<span class=""a-price-whole"">189<span class=""a-price-decimal"">.</span></span>"
"<span>Tablet 10.1 inch, Android 15 Tablet with Case, 24GB RAM + 64GB ROM 1 TB Expandable, 1280x800 HD IPS Touch Screen, 8H Battery, WiFi 6, BT 5.4, Dual Camera (Gray)</span>","<span class=""a-price-whole"">69<span class=""a-price-decimal"">.</span></span>"
"<span>Apple iPad 11-inch: A16 chip, 11-inch Model, Liquid Retina Display, 128GB, Wi-Fi 6, 12MP Front/12MP Back Camera, Touch ID, All-Day Battery Life — Pink</span>","<span class=""a-price-whole"">329<span class=""a-price-decimal"">.</span></span>"
"<span>10 Inch Tablet, Android 15 with 24GB RAM + 128GB ROM (1TB Expandable), Octa-Core, 1280x800 IPS HD Touchscreen, 5MP+8MP Dual Camera, 6000mAh, Tablet with Keyboard, Mouse, Widevine L1(Blue)</span>","<span class=""a-price-whole"">79<span class=""a-price-decimal"">.</span></span>"
"<span>ZZB 10 inch Tablet Android 15 Tablet PC, 10.1"" Android Tablets DDR4 8GB RAM 32GB ROM 2MP+8MP Dual Camera 5G WiFi-6 BT Support 1TB Expand 10 in IPS 6000mAh Battery Powerful Performance Tablets (Gray)</span>","<span class=""a-price-whole"">52<span class=""a-price-decimal"">.</span></span>"
"<span>Amazon Fire HD 8 Kids tablet (newest model), ages 3-7 | 3GB memory, bright 8"" HD screen. Includes ad-free and exclusive content, parental controls and 13-hr battery, 32GB, Grape</span>","<span class=""a-price-whole"">139<span class=""a-price-decimal"">.</span></span>"
<span>Lenovo Idea Tab - College Tablet - 11″ 2.5K IPS Touchscreen Display - 90Hz - MediaTek Dimensity 6300-4 GB Memory - 128 GB Storage - Integrated Arm Mali-G57 MC2 - Tab Pen and Folio Case</span>,"<span class=""a-price-whole"">204<span class=""a-price-decimal"">.</span></span>"
"<span>Kids Tablet 7 inch Android 12.0 for Toddler, 4GB RAM 32GB ROM Bluetooth IPS Screen Parental Control Dual Camera Shockproof Case for Educational Games, (Pink)</span>","<span class=""a-price-whole"">39<span class=""a-price-decimal"">.</span></span>"
"<span>Lenovo Tab One - Lightweight Tablet - up to 12.5 Hours of YouTube Streaming - 8.7"" HD Display - 4 GB Memory - 64 GB Storage - MediaTek Helio G85 - Includes Folio Case</span>","<span class=""a-price-whole"">129<span class=""a-price-decimal"">.</span></span>"
"<span>Andriod Tablet 7 Inch with Protective Case, RAM 8GB(3GB+5GB Expand) ROM 32GB 1TB Expand, IPS 1024 * 600 Bluetooth, 2.4G+5G WiFi, GMS, Widevine L1,YouTube, Netfilx(Black)</span>","<span class=""a-price-whole"">39<span class=""a-price-decimal"">.</span></span>"
"<span>ZZB 7 inch Tablet Android 14, 8GB RAM (4GB Expandable) 32GB ROM Tablets Supports 1TB MicroSD, Widevine L1, Dual Camera Tableta 5G WiFi-6 Android Tablet with Case, 7"" Tablets+Cover 2025 (Gray)</span>","<span class=""a-price-whole"">37<span class=""a-price-decimal"">.</span></span>"
"<span>Amazon Fire HD 10 Kids Pro tablet (newest model) ages 6-12 | Bright 10.1"" HD screen | Slim case for older kids, ad-free content, parental controls, 13-hr battery, 32 GB, Mint</span>","<span class=""a-price-whole"">189<span class=""a-price-decimal"">.</span></span>"
"<span>Android 15 Tablet,10 inch Tablets, 8GB RAM+32GB ROM/2TB Expandable, 2 in 1 Tablets with Keyboard Case, 1280x800 IPS Display Screen, 5G Wi-Fi6, Dual Camera, 6000mAh Battery BT5 Widevine L1 (Pink)</span>","<span class=""a-price-whole"">57<span class=""a-price-decimal"">.</span></span>"
"<span>2026 Android 15 Tablet, 10 Inch Tablets with Gemini AI, 30GB+64GB+1TB Expand, 2-in-1 Octa-Core Electronics Tablets with Keyboard, Mouse, 5G WiFi, 6000mAh, GPS, Widevine L1, Split Screen -Violet</span>","<span class=""a-price-whole"">99<span class=""a-price-decimal"">.</span></span>"
"<span>Amazon Fire 7 Kids tablet (newest model) ages 3-7. Top-selling 7"" kids tablet on Amazon. Includes 6 months of ad-free and exclusive content, easy parental controls, 10-hr battery, 16 GB, Blue</span>","<span class=""a-price-whole"">99<span class=""a-price-decimal"">.</span></span>"
"<span>Amazon Fire HD 8 Kids Pro tablet (newest model), ages 6-12. Bright 8"" HD screen, includes ad-free content, parental controls, 13-hr battery, slim case for older kids, 32GB, Discovery</span>","<span class=""a-price-whole"">149<span class=""a-price-decimal"">.</span></span>"
