id,symbol,name,image,current_price,market_cap,market_cap_rank,fully_diluted_valuation,total_volume,high_24h,low_24h,price_change_24h,price_change_percentage_24h,market_cap_change_24h,market_cap_change_percentage_24h,circulating_supply,total_supply,max_supply,ath,ath_change_percentage,ath_date,atl,atl_change_percentage,atl_date,roi,last_updated,roi.times,roi.currency,roi.percentage
bitcoin,btc,Bitcoin,https://coin-images.coingecko.com/coins/images/1/large/bitcoin.png?1696501400,75818.0,1518682666937,1,1518682666937,37362304979.0,77881.0,75220.0,-1175.8340871358087,-1.52718,-23049929023.596924,-1.49507,20035096.0,20035096.0,21000000.0,126080.0,-39.86516,2025-10-06T18:57:42.558Z,67.81,111711.02025,2013-07-06T00:00:00.000Z,,2026-05-27T12:41:58.492Z,,,
ethereum,eth,Ethereum,https://coin-images.coingecko.com/coins/images/279/large/ethereum.png?1696501628,2082.6,251306289258,2,251306289258,13992357691.0,2135.38,2057.52,-33.976694089110424,-1.60526,-3988113841.3900146,-1.56216,120685456.1796863,120685456.1796863,,4946.05,-57.89354,2025-08-24T19:21:03.333Z,0.432979,480894.7785,2015-10-20T00:00:00.000Z,,2026-05-27T12:41:58.507Z,35.72346302458413,btc,3572.3463024584125
tether,usdt,Tether,https://coin-images.coingecko.com/coins/images/325/large/Tether.png?1696501661,0.998485,189293869664,3,194752482458,63747200486.0,0.998912,0.998343,-0.000337364686914143,-0.03378,-106984264.25720215,-0.05649,189582683099.1331,195049624323.0262,,1.32,-24.53472,2018-07-24T00:00:00.000Z,0.572521,74.40016,2015-03-02T00:00:00.000Z,,2026-05-27T12:41:58.763Z,,,
binancecoin,bnb,BNB,https://coin-images.coingecko.com/coins/images/825/large/bnb-icon2_2x.png?1696501970,655.45,88315113055,4,88315113055,1012563975.0,666.9,650.55,-5.993523887970923,-0.90613,-793267069.091217,-0.89023,134784780.62,134784780.62,200000000.0,1369.99,-52.1568,2025-10-13T08:41:24.131Z,0.0398177,1646021.96522,2017-10-19T00:00:00.000Z,,2026-05-27T12:41:58.578Z,,,
ripple,xrp,XRP,https://coin-images.coingecko.com/coins/images/44/large/xrp-symbol-white-128.png?1696501442,1.33,82496116289,5,133343884704,1613193805.0,1.36,1.32,-0.015478258214445484,-1.14677,-1003444942.8210907,-1.20174,61858321245.0,99985662685.0,100000000000.0,3.65,-63.40883,2025-07-18T03:40:53.808Z,0.00268621,49570.49714,2014-05-22T00:00:00.000Z,,2026-05-27T12:41:58.406Z,,,
usd-coin,usdc,USDC,https://coin-images.coingecko.com/coins/images/6319/large/USDC.png?1769615602,0.999735,76294479884,6,76386790246,17588575154.0,1.0,0.99958,-5.41292126921e-06,-0.00054,17746224.0,0.02327,76320174749.5942,76412516199.80879,,1.043,-4.18984,2018-11-15T00:00:00.000Z,0.877647,13.91204,2023-03-11T08:02:13.981Z,,2026-05-27T12:41:58.564Z,,,
solana,sol,Solana,https://coin-images.coingecko.com/coins/images/4128/large/solana.png?1718769756,84.21,48692410016,7,52804033204,2556584531.0,85.92,83.01,-0.8343723916659087,-0.98112,-420555344.9420395,-0.8563,578343973.3256716,627179767.0512496,,293.31,-71.29056,2025-01-19T11:15:27.957Z,0.500801,16714.69767,2020-05-11T19:35:23.449Z,,2026-05-27T12:41:58.420Z,,,
tron,trx,TRON,https://coin-images.coingecko.com/coins/images/1094/large/photo_2026-04-13_09-59-16.png?1776048311,0.373648,35419680128,8,35419685559,542862056.0,0.37605,0.372428,-0.002338250543459153,-0.6219,-196779565.90348816,-0.5525,94810844878.5752,94810859415.07579,,0.431288,-13.36481,2024-12-04T00:10:40.323Z,0.00180434,20608.24597,2017-11-12T00:00:00.000Z,,2026-05-27T12:41:44.417Z,195.65658100644922,usd,19565.65810064492
figure-heloc,figr_heloc,Figure Heloc,https://coin-images.coingecko.com/coins/images/68480/large/figure.png?1755863954,1.026,18548152259,9,18548152259,21120179.0,1.037,1.015,0.0111067,1.0941,197480976.0,1.07615,18073708377.337,18073708377.337,,1.049,-2.19133,2026-03-09T17:00:25.937Z,0.155357,560.49907,2025-10-31T14:27:24.456Z,,2026-05-27T12:41:48.211Z,,,
dogecoin,doge,Dogecoin,https://coin-images.coingecko.com/coins/images/5/large/dogecoin.png?1696501409,0.10201,15745383498,10,17347362653,731396243.0,0.103436,0.100359,-0.000509895810515984,-0.49736,-78391124.21204948,-0.4954,154411606383.7052,170121873126.5791,,0.731578,-86.05615,2021-05-08T05:08:23.458Z,8.69e-05,117282.87085,2015-05-06T00:00:00.000Z,,2026-05-27T12:42:00.361Z,,,
hyperliquid,hype,Hyperliquid,https://coin-images.coingecko.com/coins/images/50882/large/hyperliquid.jpg?1729431300,62.47,13895495649,11,59675078125,1098527662.0,64.38,58.95,1.32,2.15823,385679925.0,2.85481,222445714.0741414,955307079.4341414,1000000000.0,64.44,-3.0574,2026-05-26T14:28:48.405Z,3.81,1540.27177,2024-11-29T09:30:30.871Z,,2026-05-27T12:41:55.195Z,,,
usds,usds,USDS,https://coin-images.coingecko.com/coins/images/39926/large/usds.webp?1726666683,0.999538,11028148426,12,11028148426,28617793.0,1.002,0.999199,-8.688361897724e-05,-0.00869,-92280907.34461403,-0.82983,11033215938.11448,11033215938.11448,,1.15,-13.24126,2026-04-02T07:21:14.655Z,0.948265,5.40697,2024-10-03T13:19:28.826Z,,2026-05-27T12:41:46.819Z,,,
zcash,zec,Zcash,https://coin-images.coingecko.com/coins/images/486/large/circle-zcash-color.png?1696501740,577.74,9634137705,13,9634137705,810324353.0,623.39,562.12,-34.06656203660748,-5.56819,-587146257.0514908,-5.74435,16688225.1655448,16688225.1655448,21000000.0,3191.93,-81.89997,2016-10-29T00:00:00.000Z,16.08,3492.88247,2024-07-05T04:22:29.321Z,,2026-05-27T12:41:47.049Z,,,
leo-token,leo,LEO Token,https://coin-images.coingecko.com/coins/images/8418/large/leo-token.png?1696508607,10.03,9232474139,14,9881420705,237162.0,10.06,9.97,0.02457611,0.24561,21608602.0,0.2346,920535468.9,985239504.0,,10.57,-5.11052,2026-05-04T09:45:26.809Z,0.799859,1153.90328,2019-12-24T15:14:35.376Z,,2026-05-27T12:41:49.154Z,,,
cardano,ada,Cardano,https://coin-images.coingecko.com/coins/images/975/large/cardano.png?1696502090,0.240376,8891269397,15,10811499572,358059895.0,0.246669,0.23789,-0.003685977315654981,-1.51026,-143200762.34979248,-1.58505,37007551099.9152,45000000000.0,45000000000.0,3.09,-92.21306,2021-09-02T06:00:10.474Z,0.01925275,1148.52831,2020-03-13T02:22:55.044Z,,2026-05-27T12:41:49.444Z,,,
rain,rain,Rain,https://coin-images.coingecko.com/coins/images/69134/large/Rain_logo_1_.png?1762952191,0.01313846,8180602466,16,15107677689,45549380.0,0.01330006,0.00799503,0.0051185,63.82203,4340784218.0,113.04661,622648401266.6013,1149887358482.804,1150000000000.0,0.01330006,-1.32728,2026-05-27T10:05:45.601Z,0.00222126,490.81495,2025-09-14T08:56:57.416Z,,2026-05-27T12:41:57.618Z,,,
monero,xmr,Monero,https://coin-images.coingecko.com/coins/images/69/large/monero_logo.png?1696501460,397.54,7332046518,17,7332046518,151702020.0,399.21,376.2,6.44,1.64645,114278304.0,1.58329,18446744.07370955,18446744.07370955,,797.73,-50.16649,2026-01-14T19:34:07.049Z,0.216177,183795.54022,2015-01-14T00:00:00.000Z,,2026-05-27T12:41:48.613Z,,,
bitcoin-cash,bch,Bitcoin Cash,https://coin-images.coingecko.com/coins/images/780/large/bitcoin-cash-circle.png?1696501932,344.13,6896610065,18,6896620819,109086873.0,353.89,340.36,-9.424044010809212,-2.66549,-194659580.31272125,-2.74506,20039949.89665078,20039981.14665078,21000000.0,3785.82,-90.90994,2017-12-20T00:00:00.000Z,76.93,347.30509,2018-12-16T00:00:00.000Z,,2026-05-27T12:41:49.294Z,,,
chainlink,link,Chainlink,https://coin-images.coingecko.com/coins/images/877/large/Chainlink_Logo_500.png?1760023405,9.43,6853730923,19,9426119106,275966524.0,9.66,9.31,-0.12569899126762074,-1.31556,-91463467.73134518,-1.31693,727099970.4255477,1000000000.0,1000000000.0,52.7,-82.1067,2021-05-10T00:13:57.214Z,0.148183,6263.17776,2017-11-29T00:00:00.000Z,,2026-05-27T12:41:49.329Z,,,
whitebit,wbt,WhiteBIT Coin,https://coin-images.coingecko.com/coins/images/27045/large/wbt_token.png?1696526096,55.76,6602521378,20,16411233022,68183229.0,57.41,55.34,-0.9360220109728843,-1.65086,-110812508.04460907,-1.65063,118403267.0,294303266.0,400000000.0,64.11,-13.01407,2025-12-10T20:16:13.582Z,3.06,1721.31119,2023-02-13T19:01:21.899Z,,2026-05-27T12:41:54.908Z,,,
canton-network,cc,Canton,https://coin-images.coingecko.com/coins/images/70468/large/Canton-Ticker_%281%29.png?1762826299,0.158449,6122294957,21,6122294957,8129386.0,0.163267,0.156248,-0.004355644577747425,-2.67538,-162350578.86387444,-2.58329,38638842003.36731,38638842003.36731,,0.194152,-17.9237,2026-02-03T08:02:08.411Z,0.059024,169.97893,2025-12-06T10:32:09.784Z,,2026-05-27T12:41:58.093Z,,,
the-open-network,ton,Toncoin,https://coin-images.coingecko.com/coins/images/17980/large/photo_2024-09-10_17.09.00.jpeg?1725963446,1.9,5109791273,22,9829955753,334765196.0,2.03,1.88,-0.019239912383481883,-1.00471,-48527519.30017567,-0.94076,2696240601.929365,5186890109.035878,,8.25,-77.03849,2024-06-15T00:36:51.509Z,0.519364,264.89892,2021-09-21T00:33:11.092Z,,2026-05-27T12:41:54.420Z,,,
stellar,xlm,Stellar,https://coin-images.coingecko.com/coins/images/100/large/fmpFRHHQ_400x400.jpg?1735231350,0.150972,5054899519,23,7533079513,97261587.0,0.15083,0.146156,0.00137513,0.91923,33211590.0,0.66136,33552547507.57407,50001786839.91458,,0.875563,-82.79127,2018-01-03T00:00:00.000Z,0.00047612,31545.8476,2015-03-05T00:00:00.000Z,,2026-05-27T12:41:43.981Z,,,
usd1-wlfi,usd1,USD1,https://coin-images.coingecko.com/coins/images/54977/large/USD1_1000x1000_transparent.png?1749297002,0.997933,4754438629,24,4754438629,1378648311.0,0.998905,0.99772,-0.000559323131584466,-0.05602,-5091922.353632927,-0.10698,4764402940.520212,4764402940.520212,,1.025,-2.62419,2025-05-12T12:36:39.412Z,0.989633,0.83868,2025-10-01T08:51:32.103Z,,2026-05-27T12:41:47.975Z,,,
ethena-usde,usde,Ethena USDe,https://coin-images.coingecko.com/coins/images/33613/large/usde.png?1733810059,0.998941,4447394816,25,4447394816,54984410.0,0.99926,0.998564,5.388e-05,0.00539,398766.0,0.00897,4452039660.342706,4452039660.342706,,1.034,-3.39119,2025-12-09T17:10:12.652Z,0.929486,7.47425,2024-10-04T07:57:15.809Z,,2026-05-27T12:41:48.173Z,,,
dai,dai,Dai,https://coin-images.coingecko.com/coins/images/9956/large/Badge_Dai.png?1696509996,0.99858,4376283258,26,4376283258,21253309.0,1.001,0.998548,-0.000949681176964368,-0.09501,21508908.0,0.49392,4377258377.045397,4377258377.045397,,1.22,-17.97914,2020-03-13T03:02:50.373Z,0.88196,13.35859,2023-03-11T07:50:50.514Z,,2026-05-27T12:41:49.362Z,,,
memecore,m,MemeCore,https://coin-images.coingecko.com/coins/images/53247/large/square-bg-transparent.png?1752637478,3.11,4056515214,27,16689618334,4798907.0,3.11,2.88,0.18513,6.33162,236547446.0,6.19239,1306018762.190513,5373320085.355469,10000000000.0,4.82,-35.46846,2026-04-24T01:10:07.284Z,0.04746135,6450.66097,2025-07-04T03:56:17.448Z,,2026-05-27T12:41:47.150Z,,,
litecoin,ltc,Litecoin,https://coin-images.coingecko.com/coins/images/2/large/litecoin.png?1696501400,52.39,4043762833,28,4044106541,218251040.0,52.99,51.67,-0.334132505598717,-0.63377,-27141687.580762863,-0.66672,77208645.73347135,77215208.23347135,84000000.0,410.26,-87.23424,2021-05-10T03:13:07.904Z,1.15,4458.74547,2015-01-14T00:00:00.000Z,,2026-05-27T12:41:45.355Z,,,
sui,sui,Sui,https://coin-images.coingecko.com/coins/images/26375/large/sui-ocean-square.png?1727791290,1.009,4041950819,29,10091207574,672671260.0,1.054,0.987674,-0.03144693286125233,-3.02131,-123278120.40841055,-2.9597,4005418369.566699,10000000000.0,10000000000.0,5.35,-81.12075,2025-01-04T22:56:18.063Z,0.364846,176.66225,2023-10-19T10:40:30.078Z,,2026-05-27T12:41:46.868Z,,,
avalanche-2,avax,Avalanche,https://coin-images.coingecko.com/coins/images/12559/large/Avalanche_Circle_RedWhite_Trans.png?1696512369,9.2,3973032184,30,4264441457,169068486.0,9.46,9.06,-0.15530319788895497,-1.6595,-67716393.87619543,-1.67584,431771961.1772119,463441061.1772119,720000000.0,144.96,-93.6531,2021-11-21T14:18:56.538Z,2.8,228.46605,2020-12-31T13:15:21.540Z,,2026-05-27T12:41:44.814Z,,,
hedera-hashgraph,hbar,Hedera,https://coin-images.coingecko.com/coins/images/3688/large/hbar.png?1696504364,0.086284,3741947253,31,4313633981,49842896.0,0.089037,0.085579,-0.001984987467898283,-2.24878,-87774523.94635868,-2.29193,43373490533.32249,50000000000.0,50000000000.0,0.569229,-84.84428,2021-09-15T10:40:28.318Z,0.00986111,774.85808,2020-01-02T17:30:24.852Z,,2026-05-27T12:41:46.297Z,,,
paypal-usd,pyusd,PayPal USD,https://coin-images.coingecko.com/coins/images/31212/large/PYUSD_Token_Logo_2x.png?1765987788,0.999759,3437236183,32,3437236183,86116846.0,1.001,0.999309,-5.1778184110396e-05,-0.00518,-121918475.21871805,-3.42549,3438066646.676,3438066646.676,,1.081,-7.50618,2026-04-02T07:35:31.426Z,0.959426,4.19939,2024-12-05T22:31:13.430Z,,2026-05-27T12:41:58.038Z,,,
near,near,NEAR Protocol,https://coin-images.coingecko.com/coins/images/10365/large/near.jpg?1696510367,2.54,3288679565,33,3288679671,972175736.0,2.89,2.46,-0.23935213183651438,-8.62309,-309661534.3699384,-8.60567,1296616729.0,1296616771.0,,20.44,-87.5911,2022-01-16T22:09:45.873Z,0.526762,381.45919,2020-11-04T16:09:15.137Z,,2026-05-27T12:41:52.912Z,,,
shiba-inu,shib,Shiba Inu,https://coin-images.coingecko.com/coins/images/11939/large/shiba.png?1696511800,5.52e-06,3255162018,34,3256579711,145159418.0,5.65e-06,5.48e-06,-7.761363508e-08,-1.38546,-47179071.247493744,-1.42866,589243255325781.1,589499883414968.6,,8.616e-05,-93.58814,2021-10-28T03:54:55.568Z,5.6366e-11,9800750.04147,2020-11-28T11:26:25.838Z,,2026-05-27T12:41:56.649Z,,,
crypto-com-chain,cro,Cronos,https://coin-images.coingecko.com/coins/images/7310/large/cro_token_logo.png?1696507599,0.067314,3016746356,35,6644100459,9529287.0,0.068702,0.066978,-0.001158651885039705,-1.69213,-50392529.92147541,-1.64298,44798876055.19909,98665316164.73158,100000000000.0,0.891544,-92.44765,2021-11-24T00:00:00.000Z,0.0121196,455.56716,2019-02-08T00:00:00.000Z,,2026-05-27T12:41:49.072Z,,,
hashnote-usyc,usyc,Circle USYC,https://coin-images.coingecko.com/coins/images/51054/large/Hashnote_SDYC_200x200.png?1730370965,1.12,2995403334,36,2995403334,112456.0,1.12,1.12,-0.000223222292734304,-0.01985,-594581.2646074295,-0.01985,2663628517.21609,2663628517.21609,,1.13,-0.15247,2026-05-23T10:51:06.414Z,1.026,9.59501,2024-12-05T22:31:20.475Z,,2026-05-26T22:38:11.148Z,,,
global-dollar,usdg,Global Dollar,https://coin-images.coingecko.com/coins/images/51281/large/GDN_USDG_Token_200x200.png?1730484111,0.999609,2710099509,37,2710099509,76314468.0,1.0,0.999252,-0.000354057454451606,-0.03541,-33513626.218867302,-1.22151,2710877134.733708,2710877134.733708,,1.65,-39.58228,2025-01-30T00:11:05.728Z,0.907561,10.14361,2024-11-11T23:55:50.604Z,,2026-05-27T12:41:47.477Z,,,
bittensor,tao,Bittensor,https://coin-images.coingecko.com/coins/images/28452/large/ARUsPeNQ_400x400.jpeg?1696527447,280.18,2688546217,38,5882732327,240978180.0,290.42,271.62,-5.204998471528484,-1.82386,-49492537.78381109,-1.80759,9597491.0,21000000.0,21000000.0,757.6,-63.02518,2024-03-07T18:45:36.466Z,30.83,808.60643,2023-05-14T08:57:53.732Z,,2026-05-27T12:41:49.336Z,,,
tether-gold,xaut,Tether Gold,https://coin-images.coingecko.com/coins/images/10481/large/logo.png?1774627372,4442.32,2633666347,39,3144222840,292107140.0,4512.51,4424.61,-49.51608819473495,-1.10236,-29176117.610598564,-1.09568,592823.659532,707747.089,,5504.62,-19.29355,2026-01-29T00:00:00.000Z,1447.84,206.84165,2020-03-19T13:45:41.821Z,,2026-05-27T12:41:56.993Z,,,
blackrock-usd-institutional-digital-liquidity-fund,buidl,BlackRock USD Institutional Digital Liquidity Fund,https://coin-images.coingecko.com/coins/images/36291/large/blackrock.png?1711013223,1.0,2487654577,40,2487654577,0.0,1.0,1.0,0.0,0.0,-24123976.109999657,-0.96043,2487654576.750449,2487654576.750449,,1.0,0.0,2025-02-12T05:00:10.912Z,1.0,0.0,2025-02-12T05:45:10.196Z,,2026-05-27T12:40:12.127Z,,,
polkadot,dot,Polkadot,https://coin-images.coingecko.com/coins/images/12171/large/polkadot.jpg?1766533446,1.27,2140632772,41,2140632772,190276745.0,1.3,1.24,-0.006247888328708484,-0.48957,-7231008.968299627,-0.33666,1685766802.555003,1685766802.555003,2100000000.0,54.98,-97.69061,2021-11-04T14:10:09.301Z,1.15,10.53466,2026-04-15T08:00:42.788Z,,2026-05-27T12:41:53.336Z,,,
ondo-us-dollar-yield,usdy,Ondo US Dollar Yield,https://coin-images.coingecko.com/coins/images/31700/large/usdy_%281%29.png?1696530524,1.13,2134448519,42,2134448519,1335727.0,1.14,1.12,0.00144907,0.12841,2240046.0,0.10506,1889087506.23693,1889087506.23693,,1.26,-10.36083,2024-03-27T05:24:08.110Z,0.934184,21.195,2024-01-14T11:40:50.825Z,,2026-05-27T12:41:55.575Z,,,
mantle,mnt,Mantle,https://coin-images.coingecko.com/coins/images/30980/large/MNT_Token_Logo.png?1765516974,0.638115,2107244224,43,3968640550,25750649.0,0.648254,0.633013,-0.007283966619777815,-1.1286,-24360718.25391245,-1.14283,3302294382.53684,6219316794.889999,6219316794.89,2.86,-77.65173,2025-10-09T01:04:46.659Z,0.307978,107.17605,2023-10-18T02:50:46.942Z,,2026-05-27T12:41:45.822Z,,,
uniswap,uni,Uniswap,https://coin-images.coingecko.com/coins/images/12504/large/uniswap-logo.png?1720676669,3.29,2092710615,45,2947560687,137609019.0,3.37,3.23,-0.043835554795278675,-1.31373,-27203874.24765706,-1.28325,635597562.7428479,895232420.0329479,1000000000.0,44.92,-92.67173,2021-05-03T05:25:04.822Z,1.03,219.53112,2020-09-17T01:20:38.214Z,,2026-05-27T12:41:44.409Z,,,
pax-gold,paxg,PAX Gold,https://coin-images.coingecko.com/coins/images/9519/large/paxgold.png?1696509604,4447.59,2091740057,44,2091740057,199475481.0,4519.7,4430.58,-52.83567724748991,-1.17401,-25119491.403324127,-1.18664,470301.37,470301.37,,5619.09,-20.84918,2026-01-29T06:30:56.612Z,1399.64,217.76394,2019-11-18T03:09:35.959Z,,2026-05-27T12:41:49.242Z,,,
ondo-finance,ondo,Ondo,https://coin-images.coingecko.com/coins/images/26580/large/ONDO.png?1696525656,0.404021,1967805298,46,4041223405,223845135.0,0.427242,0.395274,-0.014226583559347417,-3.40148,-72651468.50376415,-3.56055,4869330647.0,10000000000.0,10000000000.0,2.14,-81.12191,2024-12-16T00:36:00.777Z,0.082171,391.68287,2024-01-18T12:14:30.524Z,,2026-05-27T12:41:48.514Z,,,
okb,okb,OKB,https://coin-images.coingecko.com/coins/images/4463/large/WeChat_Image_20220118095654.png?1696505053,90.34,1895049081,47,1895049081,78707086.0,98.63,87.53,-5.644350061417754,-5.8803,-112165279.82330012,-5.58811,21000000.0,21000000.0,21000000.0,228.74,-60.51751,2025-10-05T00:00:00.000Z,0.580608,15454.73082,2019-01-14T00:00:00.000Z,,2026-05-27T12:41:46.802Z,,,
world-liberty-financial,wlfi,World Liberty Financial,https://coin-images.coingecko.com/coins/images/50767/large/wlfi.png?1756438915,0.059546,1890312842,48,5949348888,85978095.0,0.061863,0.054164,-0.001744787181487191,-2.84675,-53826684.69500065,-2.76866,31773440712.0,100000000000.0,100000000000.0,0.331336,-82.0286,2025-09-01T12:20:09.597Z,0.051632,15.32634,2026-05-02T06:24:04.639Z,,2026-05-27T12:41:57.504Z,,,
htx-dao,htx,HTX DAO,https://coin-images.coingecko.com/coins/images/35491/large/Frame_1321318576.png?1708908626,1.98e-06,1791864664,49,1791864664,17638657.0,2.05e-06,1.98e-06,-7.2203503172e-08,-3.52178,-65007551.51301718,-3.50092,905707664073577.8,905707664073577.8,999990000000000.0,3.75e-06,-47.18062,2024-12-04T00:16:20.770Z,8.00816e-07,147.43725,2024-08-05T13:31:33.427Z,,2026-05-27T12:41:46.107Z,,,
aster-2,aster,Aster,https://coin-images.coingecko.com/coins/images/69040/large/_ASTER.png?1757326782,0.691246,1782723493,50,5405144784,77799833.0,0.695199,0.678216,0.00538939,0.78579,13355831.0,0.75484,2579922243.4698935,7822218820.515041,8000000000.0,2.41,-71.30256,2025-09-24T11:18:14.634Z,0.099713,593.23184,2025-09-17T12:05:36.771Z,,2026-05-27T12:41:48.752Z,,,
