brewery_type,city,state_province,postal_code,country,longitude,latitude,state
6,468,Oklahoma,73069-8224,United States,-97.46818222,35.25738891,Oklahoma
6,48,Texas,78745-1197,United States,-90.20475995999999,39.9550821,Texas
6,444,Wisconsin,53406-3920,United States,-87.883363502094,42.720108268996,Wisconsin
5,87,Oregon,97701-9847,United States,-121.281706,44.08683531,Oregon
5,87,Oregon,97703-2465,United States,-121.3288021,44.0575649,Oregon
5,523,Oregon,97209-2620,United States,-122.6855056,45.5259786,Oregon
5,584,California,92101-6618,United States,-117.129593,32.714813,California
5,87,Oregon,97701,United States,-121.2809536,44.0912109,Oregon
5,105,Idaho,83702-5857,United States,-116.202929,43.618516,Idaho
5,195,Colorado,80205-2231,United States,-104.9853655,39.7592508,Colorado
6,537,Nevada,89502,United States,-119.7732015,39.5171702,Nevada
6,354,Indiana,46534,United States,-86.627954,41.289715,Indiana
1,214,KwaZulu-Natal,3610,South Africa,30.7063,-29.7711,KwaZulu-Natal
3,506,California,94954-7100,United States,-122.665055,38.27029381,California
6,140,Colorado,80109-1585,United States,-104.8667206,39.38269495,Colorado
6,29,Minnesota,55303-2243,United States,-93.38952559,45.19812039,Minnesota
6,0,Massachusetts,02351-2419,United States,-70.94594149,42.10591754,Massachusetts
6,318,Texas,77066-3107,United States,-95.5186591,29.9515464,Texas
1,335,Oregon,97845-1210,United States,-118.9218754,44.4146563,Oregon
6,350,Laois,R93 X3X8,Ireland,-6.979343891,52.84930763,Laois
1,702,New York,14221-7804,United States,-90.20475995999999,39.9550821,New York
6,271,Arizona,85296-7832,United States,-90.20475995999999,39.9550821,Arizona
6,423,Arizona,85207,United States,-111.5860662,33.436188,Arizona
3,82,Washington,98225-2405,United States,-122.485982,48.7621709,Washington
6,331,Michigan,49201-7010,United States,-84.43116792,42.28667212,Michigan
1,398,Colorado,80027-1865,United States,-105.1319826,39.9782443,Colorado
6,574,Minnesota,55101-1639,United States,-90.20475995999999,39.9550821,Minnesota
6,153,Ohio,45233-1013,United States,-84.70634815,39.12639764,Ohio
1,645,South Carolina,29687,United States,-90.20475995999999,39.9550821,South Carolina
1,523,Oregon,97202-5518,United States,-122.6487531,45.4762536,Oregon
6,533,North Carolina,27603-1117,United States,-90.20475995999999,39.9550821,North Carolina
6,687,California,91362-3974,United States,-118.802397,34.15334,California
6,181,Minnesota,56442,United States,-90.20475995999999,39.9550821,Minnesota
9,195,Colorado,80205-2235,United States,-104.9839636,39.7614112,Colorado
6,565,Vermont,05478-1735,United States,-90.20475995999999,39.9550821,Vermont
1,414,Ohio,45040-1303,United States,-84.3183801,39.3545967,Ohio
6,268,Delaware,19947-1849,United States,-75.37816436,38.6788938,Delaware
1,315,New York,13354,United States,-75.2565195,43.24211175,New York
1,226,Maryland,21784,United States,-76.9773575,39.4164017,Maryland
6,197,Iowa,50309-2015,United States,-93.6120353,41.5872267,Iowa
1,480,North Carolina,27960,United States,-75.97176063,35.10715368,North Carolina
6,622,Virginia,22553-4258,United States,-90.20475995999999,39.9550821,Virginia
6,173,Pennsylvania,15108,United States,-80.15020356,40.50984957,Pennsylvania
6,183,Maryland,21502,United States,-78.7008528,39.7021475,Maryland
6,717,Mississippi,38860,United States,-88.750264,34.001703,Mississippi
6,432,Wisconsin,53207-1348,United States,-87.90606942,43.00436242,Wisconsin
6,407,California,95338,United States,-119.9036592,37.570148,California
6,266,Indiana,46403-2871,United States,-87.26887786,41.59928343,Indiana
6,293,Indiana,46320-1817,United States,-87.517422,41.61556796,Indiana
6,40,Illinois,62510-8504,United States,-89.0503635,39.5172564,Illinois
6,659,Arizona,85745-1444,United States,-110.9927505,32.24673727,Arizona
6,346,Washington,98028-2500,United States,-122.2415652,47.75670075,Washington
6,313,New York,11741-2275,United States,-90.20475995999999,39.9550821,New York
6,230,Vermont,05452-3879,United States,-90.20475995999999,39.9550821,Vermont
6,693,Montana,59645-9081,United States,-110.9004865,46.54807609,Montana
6,442,Pennsylvania,18801-1271,United States,-75.8800318,41.8336364,Pennsylvania
1,58,Maine,04401-6319,United States,-68.77283099,44.80012684,Maine
6,12,NSW,2015,Australia,151.1979,-33.902839,NSW
6,429,Utah,84047-1083,United States,-111.9007652,40.5950202,Utah
6,405,Virginia,20109,United States,-90.20475995999999,39.9550821,Virginia
6,694,Ohio,43213-1308,United States,-82.9118174,40.0030689,Ohio
1,594,California,95401-6399,United States,-122.7167729,38.4387767,California
1,67,New York,12508-2512,United States,-73.9809868,41.5082102,New York
6,188,Virginia,24541-3545,United States,-79.42125553,36.58590349,Virginia
1,709,Washington,98072-8437,United States,-122.1517007,47.76864301,Washington
1,32,Washington,98223-9056,United States,-122.18421,48.215096,Washington
4,189,New York,13750,United States,-90.20475995999999,39.9550821,New York
6,704,North Carolina,27893-4911,United States,-77.9120318,35.7227625,North Carolina
10,587,California,94577-2334,United States,-122.1772928,37.71130036,California
1,585,California,94107-1411,United States,-122.3925769,37.782448,California
1,573,Missouri,63103,United States,-90.213781,38.624291,Missouri
1,527,Kentucky,41653-9103,United States,-90.20475995999999,39.9550821,Kentucky
3,418,Washington,99021,United States,-90.20475995999999,39.9550821,Washington
6,599,Washington,98144-2340,United States,-122.301811,47.599163,Washington
1,371,Kansas,66047-2145,United States,-95.28093353,38.9429674,Kansas
6,517,Florida,33062-4940,United States,-80.1224169,26.2316338,Florida
6,170,QLD,4151,Australia,153.0567537,-27.4869498,QLD
8,318,Texas,77095-6933,United States,-90.20475995999999,39.9550821,Texas
6,447,Idaho,83651-3957,United States,-116.559282,43.578989,Idaho
6,584,California,92126-6391,United States,-117.137429,32.896584,California
1,573,Missouri,63110-1924,United States,-90.280526,38.621943,Missouri
1,509,Pennsylvania,19106-4700,United States,-90.20475995999999,39.9550821,Pennsylvania
6,41,Pennsylvania,19014-2909,United States,-90.20475995999999,39.9550821,Pennsylvania
4,701,Massachusetts,01096,United States,-72.7305059,42.3923659,Massachusetts
1,653,Ontario,M5B1N8,Canada,-79.3804435,43.6555221,Ontario
6,575,Florida,33712-1240,United States,-82.6629721,27.76899022,Florida
6,600,California,95472-5937,United States,-122.8332502,38.3845125,California
6,311,Colorado,80126-3926,United States,-104.9426656,39.5659575,Colorado
6,163,California,92324-3920,United States,-117.3066993,34.05616889,California
1,116,Florida,34208-2421,United States,-82.53393502,27.49645026,Florida
6,239,Texas,75234-4714,United States,-96.89883128,32.93044336,Texas
6,648,VIC,3071,Australia,145.026872,-37.755894,VIC
6,604,Wisconsin,53083-4620,United States,-87.73006524,43.77384561,Wisconsin
6,8,Oregon,97321,United States,-90.20475995999999,39.9550821,Oregon
9,187,Florida,33004-2870,United States,-80.14361029,26.04800238,Florida
3,677,District of Columbia,20012-2111,United States,-90.20475995999999,39.9550821,District of Columbia
6,327,Missouri,64050,United States,-94.41265,39.122385,Missouri
3,483,Connecticut,06475-1518,United States,-90.20475995999999,39.9550821,Connecticut
1,393,Colorado,80501-5958,United States,-90.20475995999999,39.9550821,Colorado
1,584,California,92121-2258,United States,-117.1649842,32.88313237,California
1,666,British Columbia,V5Y 1M8,Canada,-123.1053533,49.2637804,British Columbia
1,666,British Columbia,V5Y 1M8,Canada,-123.1053533,49.2637804,British Columbia
6,603,North Carolina,28470,United States,-78.38636517,33.97270364,North Carolina
1,650,Illinois,60477-3933,United States,-87.79160288,41.55864726,Illinois
6,605,East Sussex,TN22 3HQ,England,-0.00086,50.993912,East Sussex
6,385,Colorado,80122-2730,United States,-90.20475995999999,39.9550821,Colorado
8,154,Montana,59634,United States,-90.20475995999999,39.9550821,Montana
6,94,VIC,3806,Australia,145.3416748,-38.0371856,VIC
1,536,Delaware,19971,United States,-75.090191,38.7074994,Delaware
6,711,Massachusetts,01603,United States,-71.83057593,42.24364875,Massachusetts
1,380,Missouri,64068-2374,United States,-94.4190247,39.2461993,Missouri
6,258,North Carolina,27526,United States,-78.794223,35.5914556,North Carolina
6,464,Florida,32578-2053,United States,-90.20475995999999,39.9550821,Florida
6,657,North Carolina,28585-9593,United States,-77.36749285,35.06939877,North Carolina
6,398,Kentucky,40299-3702,United States,-85.56656078,38.19322725,Kentucky
6,192,Delaware,19940-1106,United States,-90.20475995999999,39.9550821,Delaware
6,325,Osaka,567-0829,Japan,135.5780968,34.81744613,Osaka
6,627,Missouri,65804-4601,United States,-93.239889,37.147986,Missouri
10,573,Missouri,63104-3610,United States,-90.19762012,38.61526593,Missouri
6,125,Colorado,80021-2521,United States,-90.20475995999999,39.9550821,Colorado
5,541,VIC,3121,Australia,144.9901574,-37.824664,VIC
11,431,Washington,98012-6309,United States,-122.21991381534,47.84671432549,Washington
1,709,Washington,98072-8669,United States,-122.15488674812,47.782473284418,Washington
8,635,Georgia,30518-7916,United States,-90.20475995999999,39.9550821,Georgia
6,113,Montana,59715-2967,United States,-90.20475995999999,39.9550821,Montana
8,256,California,93721-2801,United States,-119.7088613,36.7295295,California
1,416,Pennsylvania,15136-3287,United States,-90.20475995999999,39.9550821,Pennsylvania
1,218,New York,14052-1827,United States,-78.607989,42.769311,New York
1,80,Illinois,62226,United States,-90.02053343,38.53796122,Illinois
6,621,Washington,99206-3629,United States,-117.264473,47.657478,Washington
1,166,Indiana,47203-8106,United States,-90.20475995999999,39.9550821,Indiana
1,618,California,94080-6410,United States,-122.4136168,37.64425595,California
6,302,Alaska,99743,United States,-149.017877,63.864759,Alaska
1,25,Alaska,99501-2104,United States,-149.8958196,61.2197366,Alaska
11,25,Alaska,99502-1023,United States,-149.99057054233,61.177175621109,Alaska
1,142,Colorado,81413-3339,United States,-107.925782,38.900614,Colorado
6,318,Texas,77055,United States,-90.20475995999999,39.9550821,Texas
1,190,Ohio,43512-1718,United States,-84.341647,41.296252,Ohio
6,48,Texas,78758-4520,United States,-97.7118913,30.3852024,Texas
6,363,Iowa,50450,United States,-93.53398788,43.41926615,Iowa
1,201,Michigan,49323-9312,United States,-85.70445518,42.72497157,Michigan
10,206,Dublin,D02 DH36,Ireland,-6.26585621,53.33596635,Dublin
3,620,Washington,99208,United States,-117.4328496,47.71758683,Washington
6,692,Ontario,L1N 9L5,Canada,-90.20475995999999,39.9550821,Ontario
6,150,Illinois,60638-6129,United States,-87.6572069,41.7595502,Illinois
6,413,Washington,98270,United States,-122.1762906,48.05156015,Washington
8,619,Alabama,36527-3161,United States,-87.9152724,30.6749127,Alabama
1,592,Georgia,30342-1150,United States,-84.3796711,33.9078086,Georgia
1,45,Georgia,30318-0683,United States,-90.20475995999999,39.9550821,Georgia
6,452,Texas,78132,United States,-98.232345,29.711365,Texas
6,156,Iowa,50325-1271,United States,-93.7228408,41.599992,Iowa
6,549,California,95677-3925,United States,-121.207331,38.8047402,California
1,352,Michigan,49802-3815,United States,-88.08819,45.808408,Michigan
4,688,Illinois,60559-1512,United States,-87.981157,41.804494,Illinois
1,678,Washington,98671-2589,United States,-122.3269349,45.56577849,Washington
9,50,New Mexico,87410-2110,United States,-107.9950235,36.8213739,New Mexico
6,683,Ontario,K0K 3L0,Canada,-90.20475995999999,39.9550821,Ontario
6,158,California,93612-1183,United States,-119.7017487,36.82517171,California
6,433,Minnesota,55418-1860,United States,-90.20475995999999,39.9550821,Minnesota
6,647,Illinois,62467-1355,United States,-88.47806652,39.13142194,Illinois
1,333,Jeollabukdo,55621,South Korea,127.6205123,35.68271721,Jeollabukdo
1,505,Maryland,21903,United States,-76.0769909,39.5581614,Maryland
8,373,Texas,78641-4009,United States,-90.20475995999999,39.9550821,Texas
6,712,Washington,98901-2534,United States,-120.4930458,46.61136701,Washington
8,436,Texas,78572-6215,United States,-90.20475995999999,39.9550821,Texas
8,365,Colorado,80215-5548,United States,-105.1100582,39.6311085,Colorado
1,255,Virginia,22406-1126,United States,-90.20475995999999,39.9550821,Virginia
8,336,Georgia,30097,United States,-90.20475995999999,39.9550821,Georgia
1,492,New York,10562-4662,United States,-73.86768188,41.15866213,New York
6,390,New Hampshire,03053-2286,United States,-90.20475995999999,39.9550821,New Hampshire
6,356,Wisconsin,54603-3403,United States,-91.249927988566,43.825963955898,Wisconsin
6,433,Minnesota,55413-1471,United States,-93.2062058,45.000631,Minnesota
1,397,California,90036,United States,-118.3440213,34.0730485,California
1,171,Oregon,97420-1642,United States,-124.2147508,43.36654751,Oregon
1,217,Colorado,81631-3186,United States,-90.20475995999999,39.9550821,Colorado
1,207,Iowa,52001-4932,United States,-90.6635263,42.5045556,Iowa
6,550,Maryland,20852-1833,United States,-77.1103415,39.0561237,Maryland
6,543,New Jersey,08242,United States,-90.20475995999999,39.9550821,New Jersey
6,640,Washington,98402-1519,United States,-122.4390379,47.242614,Washington
11,270,Washington,98335-1910,United States,-122.577347,47.328217,Washington
6,545,New York,14775-9746,United States,-79.7497349,42.24869073,New York
1,588,California,93401-7082,United States,-120.6706375,35.2467278,California
1,425,Illinois,62960-1634,United States,-88.73129158,37.15373334,Illinois
6,715,Michigan,48198,United States,-83.61103475,42.24586784,Michigan
6,124,NSW,2100,Australia,151.2727492,-33.7668139,NSW
3,202,New Hampshire,03820-3877,United States,-70.8728379,43.1953787,New Hampshire
6,420,Massachusetts,02052-1594,United States,-90.20475995999999,39.9550821,Massachusetts
6,212,Florida,34698-5762,United States,-90.20475995999999,39.9550821,Florida
6,641,Florida,33604-5660,United States,-82.4500207,27.9495902,Florida
1,445,California,92562-6941,United States,-117.1762542,33.53033448,California
6,49,Arizona,85323-5206,United States,-90.20475995999999,39.9550821,Arizona
6,151,West Sussex,PO18 9HP,England,-0.81111,50.89212,West Sussex
6,641,Florida,33611-3379,United States,-90.20475995999999,39.9550821,Florida
1,696,Wisconsin,53190-2126,United States,-88.71427344,42.8323014,Wisconsin
6,131,California,91304-5901,United States,-118.5885323,34.2218019,California
1,604,Wisconsin,53081-3402,United States,-87.71305702,43.75674392,Wisconsin
8,526,New York,12603-3401,United States,-90.20475995999999,39.9550821,New York
6,318,Texas,77003-3519,United States,-95.3559402,29.7487783,Texas
6,403,Cork,P12 E277,Ireland,-9.146507143,51.936249,Cork
6,607,Texas,75090-8725,United States,-96.60698055,33.61788732,Texas
6,130,California,93428-2434,United States,-121.0985408,35.5666725,California
6,567,Illinois,60174-4591,United States,-88.333625900834,41.898851100486,Illinois
1,571,Indiana,46373,United States,-87.46380305,41.44400246,Indiana
8,623,Illinois,60081-9459,United States,-90.20475995999999,39.9550821,Illinois
6,664,South Dakota,57068-7309,United States,-96.49421923,43.51733014,South Dakota
8,502,Florida,32514-8122,United States,-90.20475995999999,39.9550821,Florida
6,332,Florida,32207-8622,United States,-81.6545197,30.3108962,Florida
6,500,New York,14527-8938,United States,-90.20475995999999,39.9550821,New York
6,221,Massachusetts,01027-2805,United States,-90.20475995999999,39.9550821,Massachusetts
4,427,Florida,33139-2441,United States,-80.1402943,25.7890381,Florida
6,593,New Mexico,87505,United States,-105.9465207,35.66555826,New Mexico
1,353,Ontario,N2G 1A1,Canada,-90.20475995999999,39.9550821,Ontario
1,319,Michigan,48843,United States,-83.93094539,42.60773722,Michigan
6,462,Georgia,30263-5802,United States,-84.76356641,33.40257035,Georgia
1,306,California,90254-3666,United States,-118.4048656,33.8734519,California
10,179,Louisiana,70433-8651,United States,-90.056477,30.481981,Louisiana
6,416,Pennsylvania,15136-3008,United States,-90.20475995999999,39.9550821,Pennsylvania
6,303,Nevada,89104,United States,-90.20475995999999,39.9550821,Nevada
6,422,New Hampshire,03054-4161,United States,-71.493705,42.851742,New Hampshire
6,433,Minnesota,55413-2773,United States,-93.2510686,44.9993934,Minnesota
1,121,Michigan,49312,United States,-90.20475995999999,39.9550821,Michigan
6,584,California,92127-1649,United States,-117.08575,33.02391,California
1,145,West Virginia,25414-1529,United States,-77.8607888,39.28867207,West Virginia
1,355,Tennessee,37919-4807,United States,-84.016459,35.932287,Tennessee
6,83,Western Cape,7530,South Africa,18.6533,-33.8742,Western Cape
6,655,California,90503-3808,United States,-118.3378601,33.8431391,California
1,357,California,92037-4839,United States,-117.2740167,32.84083388,California
6,663,East Sussex,TN22 5RB,England,0.14604,50.945743,East Sussex
1,149,Wyoming,82001-4564,United States,-104.819296,41.130063,Wyoming
4,385,Colorado,80128-4046,United States,-105.1059543,39.5383949,Colorado
6,204,Texas,78620-5363,United States,-98.09006208,30.19269957,Texas
6,223,Washington,98371,United States,-122.2934912,47.23859752,Washington
3,584,California,92110-2006,United States,-117.1840465,32.74219079,California
6,166,Ohio,43219-1837,United States,-82.9080986,39.9868523,Ohio
3,439,Washington,98272-1502,United States,-121.970887,47.85588471,Washington
6,48,Texas,78758-5273,United States,-97.7201589,30.3826286,Texas
6,361,New York,12845-1603,United States,-73.71407763,43.41850655,New York
6,278,New York,13642-1334,United States,-75.47489238,44.33237311,New York
4,677,District of Columbia,20001-6700,United States,-77.0094205,38.89742205,District of Columbia
6,473,California,94949-5718,United States,-122.5358157,38.07349982,California
6,530,Virginia,20132-6171,United States,-90.20475995999999,39.9550821,Virginia
6,632,West Sussex,BN44 3DG,England,-0.340173,50.893624,West Sussex
6,255,Virginia,22405-4552,United States,-90.20475995999999,39.9550821,Virginia
1,255,Virginia,22408-7319,United States,-90.20475995999999,39.9550821,Virginia
1,134,Western Cape,7979,South Africa,18.3582,-34.1035,Western Cape
8,195,Colorado,80212-2199,United States,-104.984696,39.7391428,Colorado
6,698,Kansas,67203-6114,United States,-97.35071131,37.68455054,Kansas
6,616,Massachusetts,02143-3224,United States,-71.1062676,42.3819723,Massachusetts
6,472,QLD,4013,Australia,153.0708268,-27.3932924,QLD
1,134,Western Cape,7925,South Africa,18.4705,-33.9372,Western Cape
6,646,California,92590-2893,United States,-117.1485306,33.49310382,California
6,388,Illinois,60148-1215,United States,-88.02234574,41.90549742,Illinois
8,398,Kentucky,40217,United States,-90.20475995999999,39.9550821,Kentucky
6,398,Kentucky,40202-1110,United States,-85.7440377,38.2554568,Kentucky
6,398,Kentucky,40203,United States,-85.7767241,38.2658758,Kentucky
6,144,Gauteng,0157,South Africa,28.1256,-25.9189,Gauteng
8,539,Wisconsin,54868-8786,United States,-91.732284415498,45.502184424793,Wisconsin
3,232,Oregon,97408-9220,United States,-123.1277712,44.18922784,Oregon
6,13,Wisconsin,54201-9501,United States,-87.436453944363,44.607613658885,Wisconsin
3,406,New Hampshire,03101-1165,United States,-71.46899187,42.9899594,New Hampshire
1,3,South Carolina,29801-3848,United States,-81.7228141,33.5603084,South Carolina
6,21,Maine,04428,United States,-68.3677435,44.8329462,Maine
3,347,Washington,98031-1910,United States,-122.2391026,47.4119802,Washington
3,347,Washington,98032-4476,United States,-122.235649,47.382498,Washington
1,44,Georgia,30606-0600,United States,-83.47153754,33.94270289,Georgia
6,398,Kentucky,40206-1688,United States,-90.20475995999999,39.9550821,Kentucky
6,245,NSW,2046,Australia,151.1182256,-33.8697751,NSW
6,4,Ohio,44308,United States,-81.51645882,41.08512193,Ohio
8,5,New York,13655-1800,United States,-90.20475995999999,39.9550821,New York
6,62,Wisconsin,53913-2513,United States,-89.744831773235,43.471751392447,Wisconsin
6,523,Oregon,97202-4787,United States,-122.6412495,45.48882655,Oregon
6,523,Oregon,97213-1724,United States,-122.6136209,45.54849565,Oregon
6,6,California,94501-1416,United States,-122.2394506,37.76833631,California
6,582,Texas,78202-1909,United States,-98.4771638,29.42902321,Texas
6,150,Illinois,60646-6072,United States,-90.20475995999999,39.9550821,Illinois
1,564,California,95811,United States,-121.4811835,38.57323961,California
10,337,Alaska,99801-9540,United States,-134.4918763,58.35681231,Alaska
1,9,Iowa,52531-2032,United States,-92.8073711,41.02718903,Iowa
1,10,Michigan,49224,United States,-84.7532755,42.2423188,Michigan
8,656,Tennessee,37882,United States,-90.20475995999999,39.9550821,Tennessee
6,495,Florida,32137-2743,United States,-81.19287028,29.61781196,Florida
8,544,Texas,78582-4450,United States,-90.20475995999999,39.9550821,Texas
10,680,Vermont,05676-9003,United States,-90.20475995999999,39.9550821,Vermont
6,294,Pennsylvania,17331-3936,United States,-76.98030009,39.79422185,Pennsylvania
10,404,Wisconsin,53704-4024,United States,-89.35416285,43.12046815,Wisconsin
1,525,North West,2531,South Africa,27.0911,-26.7118,North West
6,586,California,95118-1605,United States,-121.8905833,37.3361905,California
6,476,California,94601-2960,United States,-122.2281897,37.7761111,California
6,259,ACT,2609,Australia,149.173169,-35.32352,ACT
6,141,New Mexico,87008,United States,-90.20475995999999,39.9550821,New Mexico
3,629,Washington,98292,United States,-90.20475995999999,39.9550821,Washington
6,129,Washington,98282,United States,-122.4381311,48.25785496,Washington
6,299,VIC,3122,Australia,145.0346325,-37.8289324,VIC
6,150,Illinois,60641-4434,United States,-87.74301213,41.94087994,Illinois
8,320,Ohio,45424-3857,United States,-90.20475995999999,39.9550821,Ohio
1,705,Virginia,22601-4715,United States,-78.16559208,39.18446446,Virginia
10,584,California,92126-4200,United States,-117.1495496,32.88858458,California
6,232,Oregon,97402-2950,United States,-123.2384193,43.85285684,Oregon
6,232,Oregon,97402,United States,-123.2384193,43.85285684,Oregon
6,701,Virginia,23188-2185,United States,-90.20475995999999,39.9550821,Virginia
1,392,New York,11101-5879,United States,-73.95625257,40.74232214,New York
6,12,Kentucky,41001-1454,United States,-90.20475995999999,39.9550821,Kentucky
6,241,Faro,8005-412,Portugal,-7.9729562079031,37.065600871444,Faro
6,326,Nevada,89451-9456,United States,-119.9537117,39.24819328,Nevada
6,559,NT,873,Australia,133.867253,-23.732893,NT
1,11,New Mexico,87110-4207,United States,-90.20475995999999,39.9550821,New Mexico
6,584,California,92126-6300,United States,-117.137429,32.896584,California
6,60,QLD,4014,Australia,153.0799698,-27.3668382,QLD
1,477,Ontario,L6J 1H3,Canada,-90.20475995999999,39.9550821,Ontario
1,150,Illinois,60607-1401,United States,-87.6667328,41.8864021,Illinois
6,286,Pennsylvania,15601-7317,United States,-90.20475995999999,39.9550821,Pennsylvania
6,24,California,92807-2082,United States,-117.8056915,33.85925032,California
10,523,Maine,04103-1270,United States,-70.3179518,43.7030951,Maine
6,513,Pennsylvania,15212-4910,United States,-80.00061073,40.45424933,Pennsylvania
6,417,Oregon,97128-4502,United States,-123.1917806,45.21081917,Oregon
1,14,Pennsylvania,18101-2437,United States,-75.4575021,40.6060468,Pennsylvania
6,355,Tennessee,37920,United States,-83.9035469,35.9593516,Tennessee
6,261,Florida,32601-6232,United States,-82.3222523,29.6502615,Florida
6,169,Minnesota,55433-3955,United States,-93.33543497,45.16953614,Minnesota
10,379,Kentucky,40508-3134,United States,-84.51599645,38.04950651,Kentucky
6,19,Iowa,50014-9316,United States,-93.6370387,41.5831617,Iowa
1,15,Michigan,48801-1819,United States,-84.6588719,43.37888808,Michigan
6,341,Missouri,64108,United States,-94.599389,39.082495,Missouri
6,6,California,94501-5047,United States,-122.3062832,37.78344977,California
3,219,Connecticut,06026,United States,-72.4224674,41.9581654,Connecticut
1,316,Hawaii,96813-5110,United States,-157.857248,21.301249,Hawaii
0,611,Singapore,449886,Singapore,103.934847,1.306439441491,Singapore
6,178,California,91722-2122,United States,-117.8781466,34.10365026,California
4,359,California,94549-4621,United States,-122.1180201,37.8857582,California
6,85,California,94002-8208,United States,-122.2655717,37.52125155,California
6,573,Missouri,63116,United States,-90.26236838,38.59861817,Missouri
4,460,New York,10009-7055,United States,-90.20475995999999,39.9550821,New York
1,584,California,92121-4100,United States,-117.113975,32.9167796,California
3,489,Washington,98844,United States,-119.4305306,48.9365877,Washington
6,195,Colorado,80218-1405,United States,-90.20475995999999,39.9550821,Colorado
1,404,Wisconsin,53704-2522,United States,-89.33026,43.12576305,Wisconsin
6,584,California,92113-1125,United States,-117.1414712,32.7018758,California
6,386,California,94550-3850,United States,-121.7210974,37.67839114,California
6,567,Illinois,60174-4591,United States,-88.313937317989,41.913143276343,Illinois
6,203,Illinois,60515-2234,United States,-90.20475995999999,39.9550821,Illinois
6,195,Colorado,80210-2607,United States,-104.9876117,39.68866374,Colorado
1,368,Wyoming,82070-3612,United States,-105.5953366,41.31038565,Wyoming
6,589,Texas,78666-2418,United States,-90.20475995999999,39.9550821,Texas
1,634,Massachusetts,01518-1208,United States,-90.20475995999999,39.9550821,Massachusetts
6,255,Texas,78624-2176,United States,-98.8467263,30.2468574,Texas
6,577,California,93901-4400,United States,-121.6305329,36.64880356,California
1,441,California,93940-2711,United States,-121.8946096,36.59857755,California
6,454,Connecticut,06051-2922,United States,-72.7575129,41.6642131,Connecticut
6,516,California,95669-9570,United States,-120.849271,38.4808723,California
9,195,Colorado,80221-2036,United States,-90.20475995999999,39.9550821,Colorado
1,412,West Virginia,25403-1533,United States,-77.949602,39.5332966,West Virginia
6,312,Oregon,97124-4903,United States,-122.9564737,45.53275124,Oregon
6,186,Overijssel,7721 AB,Netherlands,6.2628498,52.5061472,Overijssel
1,675,New York,14569-1326,United States,-78.132363,42.7408423,New York
8,391,California,90807-2907,United States,-118.1580493,33.78538945,California
1,243,Florida,32034-4241,United States,-81.46236272,30.67106045,Florida
4,198,Michigan,48216-1946,United States,-90.20475995999999,39.9550821,Michigan
6,338,Michigan,49001-4111,United States,-85.5378194,42.26671998,Michigan
3,225,Washington,98020-4127,United States,-90.20475995999999,39.9550821,Washington
1,387,Michigan,48152-3932,United States,-83.42868497,42.419317,Michigan
4,700,Pennsylvania,18705-2451,United States,-75.859363,41.254896,Pennsylvania
1,670,Florida,32960,United States,-80.3955067,27.63674361,Florida
6,660,Oklahoma,74104,United States,-95.9667403,36.1518928,Oklahoma
8,252,Florida,33328-1606,United States,-90.20475995999999,39.9550821,Florida
1,341,Missouri,64161,United States,-94.484526,39.150682,Missouri
6,18,Wisconsin,54001-7801,United States,-92.396797834543,45.293806062122,Wisconsin
1,21,Massachusetts,01002-2243,United States,-72.5318418,42.3728635,Massachusetts
6,507,Virginia,23803-3207,United States,-77.407177,37.230765,Virginia
6,432,Wisconsin,53212-2360,United States,-87.900978500235,43.08422407407,Wisconsin
6,415,Massachusetts,01754-2516,United States,-71.45315644,42.43203845,Massachusetts
1,584,California,92109-5054,United States,-117.2511178,32.7719729,California
1,584,California,92121-2432,United States,-117.1570695,32.88687598,California
5,22,Noord-Holland,1018 AL,Netherlands,4.9264253,52.3666908,Noord-Holland
1,653,Ontario,M4G3T7,Canada,-79.3614605,43.706078,Ontario
1,653,Ontario,M4G4C5,Canada,-79.3569392,43.7065237,Ontario
1,653,Ontario,M5J2N3,Canada,-79.3854978,43.6391154,Ontario
1,669,California,93001-2627,United States,-119.2935874,34.28073347,California
1,23,Washington,98221-1517,United States,-122.6126089,48.51933431,Washington
6,24,California,92805-3830,United States,-117.9125249,33.8328226,California
8,199,Massachusetts,02764,United States,-90.20475995999999,39.9550821,Massachusetts
1,658,Oregon,97062-6857,United States,-122.7967838,45.3711546,Oregon
5,585,California,94107-2334,United States,-122.4011065,37.7630772,California
6,25,Alaska,99515-1901,United States,-149.8893581,61.1385311,Alaska
6,566,Florida,32092-0690,United States,-90.20475995999999,39.9550821,Florida
6,101,New York,10913-1162,United States,-90.20475995999999,39.9550821,New York
1,638,dolnośląskie,56-500,Poland,17.7046519,51.3044034,dolnośląskie
6,389,Ontario,N5W 5J7,Canada,-90.20475995999999,39.9550821,Ontario
10,108,California,95415,United States,-123.3560542,39.00141731,California
3,666,British Columbia,V5L 1S3,Canada,-123.0737942,49.2833907,British Columbia
6,383,Maine,04849-5846,United States,-90.20475995999999,39.9550821,Maine
6,26,North Carolina,28901-7004,United States,-83.81487799,35.19958164,North Carolina
6,397,California,90012-4201,United States,-118.237715,34.04627065,California
8,400,Texas,75904-7550,United States,-90.20475995999999,39.9550821,Texas
6,641,Florida,33604-6007,United States,-82.459381,28.005127,Florida
6,359,New Jersey,07848-3825,United States,-90.20475995999999,39.9550821,New Jersey
6,379,South Carolina,29072,United States,-90.20475995999999,39.9550821,South Carolina
6,98,Montana,59101-2140,United States,-108.5076025,45.78022173,Montana
6,440,California,90640-5235,United States,-118.1003743,34.0084152,California
6,364,Minnesota,55044-,United States,-93.2432718,44.6476022,Minnesota
6,609,Colorado,80498,United States,-106.0764637,39.63306895,Colorado
1,300,Wisconsin,54843-7112,United States,-91.4887672,46.0104853,Wisconsin
4,482,Oklahoma,73102-2434,United States,-97.6002769,35.4644206,Oklahoma
1,228,North Carolina,28621-3493,United States,-90.20475995999999,39.9550821,North Carolina
5,573,Missouri,63118-1849,United States,-90.2118998,38.5954536,Missouri
5,251,Colorado,80524-9400,United States,-105.0019686,40.61817811,Colorado
5,665,California,91406-1350,United States,-118.4721072,34.2213918,California
5,53,New York,13027-2706,United States,-76.31159343,43.16510925,New York
5,139,Georgia,30121-7217,United States,-90.20475995999999,39.9550821,Georgia
5,166,Ohio,43229-1123,United States,-82.99307,40.102197,Ohio
5,235,California,94534-9726,United States,-122.0902992,38.2365838,California
5,318,Texas,77029-1496,United States,-95.27130674,29.771858,Texas
5,332,Florida,32218-5546,United States,-81.6481156,30.4319552,Florida
5,422,New Hampshire,03054-4807,United States,-71.48598162,42.8253635,New Hampshire
5,461,New Jersey,07114-2298,United States,-90.20475995999999,39.9550821,New Jersey
5,701,Virginia,23185-6302,United States,-76.6798988,37.2652889,Virginia
1,213,Colorado,81301-5186,United States,-107.8769912,37.27997215,Colorado
8,448,Florida,34112-6363,United States,-90.20475995999999,39.9550821,Florida
3,529,Washington,99163-3151,United States,-117.175392,46.736755,Washington
1,360,Päijät-Häme,15140,Finland,25.6521,60.9827,Päijät-Häme
6,482,Oklahoma,73109-1012,United States,-97.5279236,35.46099673,Oklahoma
6,291,Maryland,21740-5197,United States,-77.7609769,39.6397845,Maryland
6,166,Ohio,43206,United States,-82.99774,39.9476,Ohio
1,208,Mpumalanga,1110,South Africa,30.1017,-25.4223,Mpumalanga
1,512,Texas,75686-1353,United States,-90.20475995999999,39.9550821,Texas
1,490,Osaka,541-0048,Japan,135.5076625,34.68696137,Osaka
6,471,Nebraska,69101-3913,United States,-100.75354430575,41.181566260787,Nebraska
6,327,Missouri,64055-4741,United States,-94.416872,39.041039,Missouri
6,439,New York,19050,United States,-74.1730176,41.3165152,New York
6,247,Virginia,24551-3803,United States,-79.28917899,37.36302124,Virginia
6,398,Kentucky,40206-1752,United States,-85.72031443,38.2566442,Kentucky
1,160,Pennsylvania,19426-3655,United States,-90.20475995999999,39.9550821,Pennsylvania
1,269,Pennsylvania,17325-8399,United States,-90.20475995999999,39.9550821,Pennsylvania
1,296,Pennsylvania,17101-2407,United States,-76.8816961,40.291059,Pennsylvania
1,384,Pennsylvania,17543-1612,United States,-76.30100986,40.15827375,Pennsylvania
1,419,Pennsylvania,17050-2384,United States,-90.20475995999999,39.9550821,Pennsylvania
6,107,North Carolina,28607-7911,United States,-81.668461,36.2033414,North Carolina
6,524,New Hampshire,03801-6853,United States,-70.8044602,43.087884,New Hampshire
1,242,Arkansas,72703-5017,United States,-94.1372796,36.1297079,Arkansas
1,30,Wisconsin,54911-5803,United States,-88.4139148,44.26173602,Wisconsin
1,676,Rhode Island,02886,United States,-71.4691256,41.7265254,Rhode Island
1,589,Texas,78666-5506,United States,-90.20475995999999,39.9550821,Texas
8,238,Massachusetts,02540-3299,United States,-90.20475995999999,39.9550821,Massachusetts
6,4,Ohio,44311-1184,United States,-81.51788487,41.0698532,Ohio
8,31,Texas,78336-1920,United States,-90.20475995999999,39.9550821,Texas
8,433,Minnesota,55418-2325,United States,-90.20475995999999,39.9550821,Minnesota
1,27,Michigan,48104-1905,United States,-83.74822471,42.28041029,Michigan
6,715,Michigan,48198-2825,United States,-83.6099915,42.250158,Michigan
6,338,Michigan,49007-4946,United States,-85.5715368,42.2950789,Michigan
1,309,Missouri,64037,United States,-93.773203,39.001467,Missouri
6,136,California,92010-7254,United States,-117.273876,33.14038605,California
6,542,Ontario,L4E 3L8,Canada,-90.20475995999999,39.9550821,Ontario
6,274,Oregon,97444-9626,United States,-124.4155402,42.3898306,Oregon
1,662,California,92780-4408,United States,-117.823173,33.7419754,California
6,295,Georgia,30354-1439,United States,-90.20475995999999,39.9550821,Georgia
6,38,North Carolina,28806-4545,United States,-90.20475995999999,39.9550821,North Carolina
6,681,Michigan,49098-9797,United States,-86.25939238,42.19104832,Michigan
6,73,Massachusetts,01007-9305,United States,-90.20475995999999,39.9550821,Massachusetts
6,541,Virginia,23230-4410,United States,-77.47201237,37.5684425,Virginia
8,161,Illinois,62234,United States,-90.20475995999999,39.9550821,Illinois
1,461,Delaware,19711-7242,United States,-90.20475995999999,39.9550821,Delaware
6,150,Illinois,60628-5007,United States,-87.61206845,41.68854885,Illinois
6,287,New York,12834-1209,United States,-73.496758,43.08767125,New York
6,227,Arizona,85611,United States,-90.20475995999999,39.9550821,Arizona
1,271,Arizona,85233-3405,United States,-90.20475995999999,39.9550821,Arizona
6,369,Florida,33771-2467,United States,-90.20475995999999,39.9550821,Florida
6,496,Alaska,99645-6689,United States,-149.103408,61.582157,Alaska
1,32,Gauteng,1933,South Africa,28.0267,-26.7909,Gauteng
6,523,Oregon,97205-3094,United States,-122.6818596,45.51786855,Oregon
6,456,Connecticut,06513,United States,-72.9029373,41.3028906,Connecticut
6,194,Texas,76201-4259,United States,-97.12830051,33.21286666,Texas
6,541,California,94804-6420,United States,-122.348274,37.91966864,California
1,33,South Dakota,57313-2122,United States,-98.34450702,43.33084265,South Dakota
6,618,California,94080-3614,United States,-119.1925726,50.44703096,California
4,475,Illinois,60302-1538,United States,-87.79493034,41.90015593,Illinois
6,178,California,91722-2103,United States,-117.8767215,34.105251,California
1,457,Illinois,60451-4826,United States,-87.95726941,41.48205844,Illinois
6,1,New York,12404-5809,United States,-74.24891742,41.80666144,New York
6,267,Illinois,60134,United States,-88.312704761043,41.889484227325,Illinois
6,583,California,92673-6298,United States,-117.6058963,33.44918353,California
8,478,New Jersey,08226-4237,United States,-90.20475995999999,39.9550821,New Jersey
1,652,New Jersey,08753-8305,United States,-74.1880387,39.9625642,New Jersey
6,596,New York,12866-9038,United States,-90.20475995999999,39.9550821,New York
1,397,California,90013-1816,United States,-118.2357029,34.04505443,California
1,35,West Sussex,BN17 7QL,England,-0.534301,50.839971,West Sussex
1,470,Pennsylvania,16428-3635,United States,-79.8216539,42.2195527,Pennsylvania
6,280,Michigan,49418-1528,United States,-85.7720434,42.909272,Michigan
6,36,New Jersey,07712-6527,United States,-74.01229282,40.21956661,New Jersey
1,474,Michigan,48375-1831,United States,-83.4609783,42.4783271,Michigan
6,164,Tennessee,38401-3351,United States,-87.03329688,35.6174542,Tennessee
6,37,Minnesota,56309-4687,United States,-95.81621756,46.09300639,Minnesota
6,112,Colorado,80301-5306,United States,-90.20475995999999,39.9550821,Colorado
1,38,North Carolina,28801-3621,United States,-82.55530545,35.5917763,North Carolina
6,394,Washington,98632,United States,-122.9330459,46.13507657,Washington
3,541,New Hampshire,03470-4918,United States,-72.23236816,42.75946232,New Hampshire
5,611,Singapore,639934,Singapore,103.64778327672,1.3365111315439,Singapore
6,82,Washington,98225-4702,United States,-122.4754509,48.74801531,Washington
6,599,Washington,98103-8630,United States,-122.354134,47.652201,Washington
6,307,Virginia,20170,United States,-90.20475995999999,39.9550821,Virginia
6,677,District of Columbia,20009-4309,United States,-77.032262686209,38.914111389586,District of Columbia
6,39,Colorado,81611-3530,United States,-106.8597747,39.22153402,Colorado
3,118,Connecticut,06605,United States,-73.2357109,41.1544649,Connecticut
6,175,North Carolina,28031-9364,United States,-90.20475995999999,39.9550821,North Carolina
8,523,Oregon,97206-3739,United States,-122.6003912,45.491048,Oregon
6,41,Pennsylvania,19014-3014,United States,-90.20475995999999,39.9550821,Pennsylvania
6,42,Oregon,97103-4112,United States,-123.831516,46.18980259,Oregon
6,318,Texas,77018,United States,-90.20475995999999,39.9550821,Texas
3,608,Maryland,20910,United States,-77.029129,38.9465532,Maryland
8,303,Nevada,89011,United States,-90.20475995999999,39.9550821,Nevada
6,24,California,92806,United States,-117.8612062,33.84988007,California
8,564,California,95811-3003,United States,-121.4943996,38.5815719,California
6,233,Washington,98201-3421,United States,-122.2146867,47.9808918,Washington
6,43,New Jersey,08004-2209,United States,-74.89973165,39.77167345,New Jersey
1,44,Texas,75751-2547,United States,-95.852642,32.205458,Texas
5,430,Connecticut,06460,United States,-73.0044764,41.2457244,Connecticut
6,46,Florida,32233-3946,United States,-90.20475995999999,39.9550821,Florida
6,61,Maine,04609-7770,United States,-90.20475995999999,39.9550821,Maine
1,61,Maine,04609,United States,-68.20607075,44.389488,Maine
1,677,District of Columbia,20002-5841,United States,-77.0007019169,38.865736315853,District of Columbia
11,677,District of Columbia,20003-4563,United States,-77.007736915344,38.875527731946,District of Columbia
6,642,Pirkanmaa,33100,Finland,23.7745,61.5034,Pirkanmaa
6,229,Colorado,80516,United States,-105.0542327,40.0488359,Colorado
1,540,Washington,99352-4226,United States,-119.2782003,46.27475515,Washington
6,215,North Carolina,27701,United States,-78.9041106,36.0024998,North Carolina
6,162,Colorado,80908,United States,-90.20475995999999,39.9550821,Colorado
6,254,Maryland,21701-6083,United States,-77.4024446,39.4121161,Maryland
8,509,Pennsylvania,19144-3603,United States,-90.20475995999999,39.9550821,Pennsylvania
10,198,Michigan,48207-4107,United States,-83.072904,42.4190883,Michigan
1,279,Michigan,49503-2323,United States,-85.672454,42.970463,Michigan
1,290,Michigan,48230-1319,United States,-82.9399103,42.3814617,Michigan
3,100,Washington,98230-9108,United States,-122.6990459,48.97900614,Washington
6,434,North Dakota,58701-4056,United States,-101.2854035,48.23634956,North Dakota
1,47,California,95603-5036,United States,-121.0789583,38.89612107,California
8,47,Indiana,46706,United States,-90.20475995999999,39.9550821,Indiana
6,237,Virginia,22046,United States,-77.17234359,38.88076482,Virginia
3,614,Washington,98290,United States,-122.0966776,47.925023,Washington
10,459,Minnesota,56073,United States,-90.20475995999999,39.9550821,Minnesota
1,677,Missouri,63090-2191,United States,-91.01173472,38.56026935,Missouri
1,698,Kansas,67212-3617,United States,-97.44431468,37.69517328,Kansas
6,513,Pennsylvania,15202-1451,United States,-80.0221567,40.4488158,Pennsylvania
6,351,New York,13081-9719,United States,-90.20475995999999,39.9550821,New York
6,343,New York,12944-2425,United States,-90.20475995999999,39.9550821,New York
10,48,Texas,78758-7609,United States,-97.72984444,30.3795705,Texas
1,16,Michigan,49707-1825,United States,-83.43583578,45.07296998,Michigan
6,523,Maine,04103-1072,United States,-90.20475995999999,39.9550821,Maine
6,714,NSW,2681,Australia,146.2187469,-34.2467608,NSW
1,584,California,92116-2428,United States,-117.120151,32.763588,California
1,610,Colorado,81433-0377,United States,-107.664791,37.8098899,Colorado
6,231,Colorado,80517,United States,-105.5085669,40.3728533,Colorado
10,112,Colorado,80301-3242,United States,-105.2047652,40.0625835,Colorado
10,258,North Carolina,27526-9311,United States,-78.8073896,35.61695983,North Carolina
6,297,North West,0216,South Africa,27.8189,-25.7511,North West
1,653,Ontario,M4M1K4,Canada,-79.3382654,43.6617372,Ontario
6,99,Alabama,35222-1932,United States,-86.774322,33.524521,Alabama
8,272,New Jersey,08028,United States,-90.20475995999999,39.9550821,New Jersey
6,716,Overijssel,8041 AM,Netherlands,6.0716513,52.5125093,Overijssel
6,244,Michigan,48220-2303,United States,-83.1428144,42.4508021,Michigan
6,673,California,92081-7871,United States,-117.2297606,33.14984395,California
6,176,Texas,78412-4013,United States,-97.2962784,27.6749936,Texas
6,560,Virginia,20141-2100,United States,-90.20475995999999,39.9550821,Virginia
6,168,Texas,77304-5160,United States,-90.20475995999999,39.9550821,Texas
6,127,Texas,77803-3225,United States,-90.20475995999999,39.9550821,Texas
6,321,Maryland,21031-1327,United States,-76.6623019,39.4827911,Maryland
1,279,Michigan,49503-6208,United States,-85.67248446,42.9638257,Michigan
4,460,New York,10018-2797,United States,-90.20475995999999,39.9550821,New York
6,123,Texas,77423-8013,United States,-90.20475995999999,39.9550821,Texas
1,534,California,92270-4495,United States,-116.4110483,33.74096746,California
6,205,New York,13053-9630,United States,-76.29904171,42.49966971,New York
6,133,QLD,4157,Australia,153.2047977,-27.5311667,QLD
6,277,Indiana,46526-3722,United States,-85.83457862,41.58461971,Indiana
6,672,Virginia,23451-4419,United States,-75.97974414,36.83778371,Virginia
6,626,Minnesota,55384-9713,United States,-93.64430718,44.93673794,Minnesota
3,28,Maryland,21401-4019,United States,-90.20475995999999,39.9550821,Maryland
6,102,Connecticut,06002-5312,United States,-72.7073171,41.8550045,Connecticut
6,99,Alabama,35222-1257,United States,-86.78845899815,33.522254920617,Alabama
6,260,Alabama,35901-3361,United States,-86.005006,34.016888,Alabama
1,323,Alabama,35801-5322,United States,-86.593511745898,34.689851351215,Alabama
1,546,New Hampshire,03839,United States,-90.20475995999999,39.9550821,New Hampshire
6,523,Oregon,97209-2620,United States,-122.6856562,45.52597595,Oregon
6,522,Texas,77365-4752,United States,-90.20475995999999,39.9550821,Texas
6,358,Indiana,46350-3216,United States,-86.72649137,41.6118882,Indiana
6,24,California,92805-6726,United States,-117.8960894,33.79983678,California
6,582,Texas,78215,United States,-98.4867139,29.4330983,Texas
6,689,Vermont,05161,United States,-90.20475995999999,39.9550821,Vermont
6,515,Wisconsin,54467,United States,-89.5413643,44.3304949,Wisconsin
4,109,Massachusetts,02215,United States,-90.20475995999999,39.9550821,Massachusetts
8,695,New Jersey,08889-3562,United States,-90.20475995999999,39.9550821,New Jersey
6,172,Iowa,52241-2208,United States,-91.55981337,41.68139484,Iowa
6,135,Iowa,50047,United States,-93.48531767,41.498501,Iowa
1,428,Virginia,22645-3817,United States,-90.20475995999999,39.9550821,Virginia
3,478,Maryland,21842-6689,United States,-75.0803756,38.3402519,Maryland
1,557,Oregon,97470-3320,United States,-123.3377881,43.21449839,Oregon
1,165,Montana,59912,United States,-90.20475995999999,39.9550821,Montana
6,713,South Dakota,57078-4343,United States,-97.393642,42.86878841,South Dakota
6,180,Indiana,47933-1708,United States,-86.89998607,40.04207712,Indiana
8,636,Texas,75482-2772,United States,-90.20475995999999,39.9550821,Texas
6,382,Nebraska,68522-1744,United States,-96.7274091,40.7922193,Nebraska
6,248,New Jersey,08731-5917,United States,-90.20475995999999,39.9550821,New Jersey
6,138,Washington,98610,United States,-121.8203754,45.72872253,Washington
6,138,Washington,98610,United States,-121.8203754,45.72872253,Washington
6,699,Florida,34785-8594,United States,-90.20475995999999,39.9550821,Florida
1,406,New Hampshire,03109-5101,United States,-71.4134598,42.93534925,New Hampshire
6,114,Ontario,P1L 2E3,Canada,-90.20475995999999,39.9550821,Ontario
6,303,Nevada,89011-4012,United States,-90.20475995999999,39.9550821,Nevada
6,414,Michigan,48854-1654,United States,-84.4433383,42.5786176,Michigan
3,117,Washington,98312,United States,-122.6533736,47.56963921,Washington
6,236,Indiana,46928,United States,-90.20475995999999,39.9550821,Indiana
6,572,Minnesota,56374-4691,United States,-90.20475995999999,39.9550821,Minnesota
8,624,Tennessee,37174-2895,United States,-90.20475995999999,39.9550821,Tennessee
3,599,Washington,98107-4554,United States,-122.3653569,47.66133224,Washington
6,548,Wyoming,82901-5494,United States,-109.20665402714,41.59874122433,Wyoming
3,615,New Hampshire,03878-1012,United States,-70.88353777,43.22651432,New Hampshire
1,222,Massachusetts,02539-,United States,-70.52732,41.394402,Massachusetts
1,146,West Virginia,25301-2627,United States,-81.63612015,38.35094943,West Virginia
6,148,VIC,3192,Australia,145.0390473,-37.9566857,VIC
6,148,VIC,3192,Australia,145.0390473,-37.9566857,VIC
6,503,British Columbia,V2A 1A5,Canada,-119.5937077,49.4991381,British Columbia
6,153,Ohio,45226-1893,United States,-84.41803086,39.11995755,Ohio
1,155,Ohio,44113-3142,United States,-81.7051638,41.4861772,Ohio
4,598,Arizona,85251-3914,United States,-111.9244743,33.49726157,Arizona
6,574,Minnesota,55102-2733,United States,-93.1655001,44.9040455,Minnesota
6,621,Washington,99212-2685,United States,-117.282919,47.66990394,Washington
11,284,Wyoming,82935-4216,United States,-109.46636513206,41.528514045356,Wyoming
6,602,Minnesota,55379-1846,United States,-90.20475995999999,39.9550821,Minnesota
3,684,Washington,98801-2206,United States,-120.309353,47.423747,Washington
6,283,Wisconsin,54304-3762,United States,-88.05136473,44.49669718,Wisconsin
6,486,NSW,2800,Australia,149.0974307,-33.2825557,NSW
6,196,Connecticut,06418-1665,United States,-73.1322771,41.3513647,Connecticut
6,405,Virginia,20110-1728,United States,-90.20475995999999,39.9550821,Virginia
6,405,Virginia,20110-4128,United States,-77.48972051,38.75356183,Virginia
6,195,Colorado,80203-3955,United States,-90.20475995999999,39.9550821,Colorado
6,523,Oregon,97214-5303,United States,-122.6550828,45.50680595,Oregon
6,569,Michigan,48081-2303,United States,-82.888964,42.472227,Michigan
1,137,Maine,04947-6808,United States,-90.20475995999999,39.9550821,Maine
1,479,California,92054-4120,United States,-117.373847,33.189591,California
6,318,Texas,77005-1512,United States,-95.41337465,29.72562404,Texas
6,305,WA,6055,Australia,115.9994362,-31.8129741,WA
6,51,Washington,98110-3339,United States,-122.5251446,47.64937373,Washington
1,51,Washington,98110,United States,-122.5145398,47.62624505,Washington
8,591,Ohio,44870,United States,-90.20475995999999,39.9550821,Ohio
6,52,Oregon,97814,United States,-117.8293471,44.77928865,Oregon
6,499,Texas,77581-6303,United States,-95.4174149,29.5551351,Texas
6,216,Minnesota,55122-1030,United States,-90.20475995999999,39.9550821,Minnesota
6,404,Virginia,22727-2843,United States,-78.2625296,38.3772921,Virginia
6,666,British Columbia,V6B 1H7,Canada,-123.1207375,49.2827291,British Columbia
11,599,Washington,98107-3614,United States,-122.367488,47.664897,Washington
10,712,Washington,98901-9577,United States,-120.435573,46.57685541,Washington
6,349,Alaska,99901-9462,United States,-131.817681,55.472907,Alaska
6,54,KwaZulu-Natal,3275,South Africa,30.0135,-29.4217,KwaZulu-Natal
6,188,Virginia,24541-1504,United States,-79.386371,36.584786,Virginia
5,584,California,92110-2402,United States,-117.1953344,32.76692137,California
5,185,Virginia,24083-3028,United States,-79.91380298,37.43575624,Virginia
8,150,Illinois,60607,United States,-90.20475995999999,39.9550821,Illinois
8,24,California,92802-2294,United States,-117.911732,33.8347516,California
5,391,California,90803-4601,United States,-118.114751,33.7464176,California
5,584,California,92121-2405,United States,-117.1587251,32.88798083,California
5,584,California,92121-2405,United States,-117.157081,32.889641,California
5,584,California,92101-1725,United States,-117.169738,32.727777,California
6,578,QLD,4107,Australia,153.0315574,-27.548333,QLD
6,578,QLD,4107,Australia,153.0315574,-27.548333,QLD
6,55,KwaZulu-Natal,4420,South Africa,31.2131,-29.5204,KwaZulu-Natal
6,633,Laois,R93 X3X8,Ireland,-7.115267515,53.01800718,Laois
6,639,North Carolina,28779-5544,United States,-83.2218237,35.3737065,North Carolina
1,355,Tennessee,37902-1901,United States,-83.92432,35.96654,Tennessee
6,184,QLD,4223,Australia,153.470668,-28.142652,QLD
5,184,QLD,4223,Australia,153.470668,-28.142652,QLD
4,210,Maryland,21222,United States,-76.4644662,39.2446743,Maryland
1,314,Michigan,49423-3793,United States,-86.08555156,42.7812873,Michigan
1,150,Illinois,60640-4408,United States,-87.6750827,41.9675954,Illinois
3,661,Alabama,35401-4653,United States,-87.56215513,33.19849071,Alabama
6,96,Maine,04005-5145,United States,-90.20475995999999,39.9550821,Maine
1,195,Colorado,80203-3404,United States,-104.9874187,39.7282897,Colorado
6,56,Texas,78003-3561,United States,-90.20475995999999,39.9550821,Texas
1,653,Ontario,M6R1X1,Canada,-79.4496121,43.652451,Ontario
6,292,Montana,59840-2149,United States,-90.20475995999999,39.9550821,Montana
1,57,Oregon,97411-9605,United States,-124.4122494,43.1191572,Oregon
6,330,New York,14847,United States,-76.7278241,42.61661956,New York
6,574,Minnesota,55114-1251,United States,-90.20475995999999,39.9550821,Minnesota
6,588,California,93401-6740,United States,-120.6452338,35.2615498,California
6,370,Nevada,89101-5649,United States,-90.20475995999999,39.9550821,Nevada
6,517,Florida,33069-5909,United States,-90.20475995999999,39.9550821,Florida
1,58,Maine,04401-3644,United States,-90.20475995999999,39.9550821,Maine
1,58,Pennsylvania,18013-2601,United States,-90.20475995999999,39.9550821,Pennsylvania
3,242,West Virginia,25840,United States,-90.20475995999999,39.9550821,West Virginia
6,304,Minnesota,56136-9501,United States,-96.42581655,44.50839827,Minnesota
1,561,Texas,75088-5073,United States,-96.56610883,32.9029137,Texas
6,637,West Virginia,26651-1453,United States,-80.85147552,38.281623,West Virginia
1,78,Montana,59714-3909,United States,-111.1770268,45.7751537,Montana
1,590,Texas,76877-3533,United States,-98.71854917,31.19678472,Texas
1,509,Pennsylvania,19130-2858,United States,-75.16567302,39.96707286,Pennsylvania
0,611,Singapore,459102,Singapore,103.9241232,1.3128500369078,Singapore
6,653,Ontario,M4Y1W5,Canada,-79.3855352,43.6655634,Ontario
3,612,Alaska,99835-9759,United States,-135.309951,57.049586,Alaska
6,105,Idaho,83702-5705,United States,-116.206883,43.618407,Idaho
6,264,Idaho,83714-1457,United States,-116.272141,43.646318,Idaho
9,375,Missouri,64063-0905,United States,-90.20475995999999,39.9550821,Missouri
6,621,Washington,99037,United States,-117.1984519,47.65665159,Washington
3,677,District of Columbia,20003-3670,United States,-77.00658302,38.87165373,District of Columbia
6,443,Ohio,45154,United States,-83.9209789,39.0419795,Ohio
6,674,Texas,76706-3929,United States,-97.13081959,31.52488462,Texas
1,491,Wisconsin,54904-9575,United States,-88.59075354,44.07856457,Wisconsin
6,281,Indiana,46530-4309,United States,-90.20475995999999,39.9550821,Indiana
6,585,California,94110-5714,United States,-122.4090405,37.74000915,California
6,20,Massachusetts,01913,United States,-70.92336518,42.85606929,Massachusetts
1,519,Washington,98362-2621,United States,-123.4332787,48.12098065,Washington
1,601,Washington,98382-3521,United States,-123.12332549986,48.078925671614,Washington
1,285,North Carolina,27403-1968,United States,-79.84360434,36.06201036,North Carolina
9,399,New York,13367-1601,United States,-75.4867252,43.7874658,New York
6,531,British Columbia,V2J 2S8,Canada,-122.4933399,52.9757055,British Columbia
6,268,Texas,78723-3342,United States,-97.6932487,30.6608114,Texas
6,435,North Carolina,28227-9269,United States,-90.20475995999999,39.9550821,North Carolina
1,254,Maryland,21704-7275,United States,-77.3995969,39.38204685,Maryland
8,484,Nebraska,68144-1922,United States,-90.20475995999999,39.9550821,Nebraska
1,362,Arizona,86403-6597,United States,-114.3206399,34.4770677,Arizona
6,52,Oregon,97814-2655,United States,-117.8294962,44.7787802,Oregon
1,643,Pennsylvania,18372-7893,United States,-75.32890575,41.05236395,Pennsylvania
6,511,Ontario,K0K 2T0,Canada,-90.20475995999999,39.9550821,Ontario
3,177,California,92626-4375,United States,-117.8880183,33.67903294,California
3,446,Connecticut,06355,United States,-90.20475995999999,39.9550821,Connecticut
1,466,Indiana,46060-2532,United States,-90.20475995999999,39.9550821,Indiana
3,458,Wisconsin,54017-2236,United States,-90.20475995999999,39.9550821,Wisconsin
1,453,Minnesota,55112-7735,United States,-93.1984831,45.0366982,Minnesota
8,628,Virginia,22554,United States,-90.20475995999999,39.9550821,Virginia
7,614,Washington,98290-2099,United States,-122.096741,47.924313,Washington
1,288,Oregon,97030-2509,United States,-122.4339039,45.51805087,Oregon
1,580,British Columbia,V1E 4H7,Canada,-119.2847443,50.6996989,British Columbia
1,166,Ohio,43215-2007,United States,-83.0027669,39.9719408,Ohio
1,303,Nevada,89014-2253,United States,-90.20475995999999,39.9550821,Nevada
3,666,Washington,98683,United States,-122.5216242,45.6177956,Washington
3,265,California,95633-9773,United States,-120.8784951,38.8402775,California
1,372,Michigan,49065-8634,United States,-85.84966443,42.16834814,Michigan
6,584,California,92104-1389,United States,-117.1324165,32.75568723,California
6,211,Oregon,97115,United States,-123.0146104,45.27424538,Oregon
1,685,Iowa,50266-1888,United States,-93.8385143,41.5996472,Iowa
6,337,Alaska,99801-1366,United States,-134.405962,58.300314,Alaska
6,497,Colorado,80134-9605,United States,-90.20475995999999,39.9550821,Colorado
1,376,Virginia,20176-5629,United States,-90.20475995999999,39.9550821,Virginia
6,308,New York,11801-6574,United States,-73.50094256,40.74420335,New York
6,324,Massachusetts,02601-3644,United States,-70.31159594,41.64913517,Massachusetts
6,613,Arizona,86338,United States,-90.20475995999999,39.9550821,Arizona
1,63,Ontario,L4M 1A4,Canada,-90.20475995999999,39.9550821,Ontario
6,595,Portalegre,7330-215,Portugal,-7.3376936047272,39.437678925612,Portalegre
6,644,SA,5352,Australia,138.949246,-34.5298193,SA
6,240,New York,11735-5625,United States,-90.20475995999999,39.9550821,New York
1,450,Wisconsin,54956,United States,-88.4642861,44.16805,Wisconsin
6,409,Michigan,49855,United States,-87.4722168,46.54578,Michigan
8,48,Texas,78751-3019,United States,-90.20475995999999,39.9550821,Texas
6,706,California,95492,United States,-122.784706,38.52824916,California
9,215,North Carolina,27713-4424,United States,-78.88891655,35.89445737,North Carolina
6,234,Colorado,80439,United States,-105.321458,39.6361637,Colorado
6,673,California,92081-8450,United States,-117.221385,33.14879,California
1,585,California,94117-1202,United States,-122.4461033,37.77576514,California
6,691,Massachusetts,02189-2335,United States,-90.20475995999999,39.9550821,Massachusetts
6,66,Washington,98604-4887,United States,-122.5309307,45.7808639,Washington
6,191,Virginia,20144-2226,United States,-90.20475995999999,39.9550821,Virginia
6,104,Florida,33487-2789,United States,-90.20475995999999,39.9550821,Florida
6,574,Minnesota,55101-2349,United States,-93.08803482,44.95106551,Minnesota
6,563,Maine,04072-9005,United States,-70.405728,43.553358,Maine
6,206,Dublin,D03 R8P3,Ireland,-6.2400171,53.3625745,Dublin
6,498,California,93446-5988,United States,-120.6911529,35.5762216,California
1,275,Colorado,80401-6145,United States,-105.2202098,39.7562107,Colorado
8,261,Florida,32607-4807,United States,-90.20475995999999,39.9550821,Florida
6,479,New York,11572-2747,United States,-90.20475995999999,39.9550821,New York
1,282,Massachusetts,01230-9512,United States,-90.20475995999999,39.9550821,Massachusetts
1,514,Western Cape,6600,South Africa,23.3564,-34.0521,Western Cape
6,659,Arizona,85719-6603,United States,-110.959665,32.214613,Arizona
6,576,Texas,76571,United States,-97.53703133,30.94295989,Texas
1,374,Oregon,97355-3337,United States,-122.9070824,44.5247777,Oregon
1,585,California,94102-2119,United States,-122.4087293,37.78640638,California
6,395,Ohio,44052-3377,United States,-82.15710792,41.46560548,Ohio
6,523,Oregon,97214-1307,United States,-122.6561108,45.5198818,Oregon
1,257,Colorado,81521,United States,-108.732637,39.160152,Colorado
1,382,New Hampshire,03251-4268,United States,-90.20475995999999,39.9550821,New Hampshire
6,348,Texas,78028-4525,United States,-99.1392822,30.05042839,Texas
6,59,NSW,2200,Australia,151.0334231,-33.9199158,NSW
6,682,Virginia,22980-5855,United States,-78.87398588,38.0644451,Virginia
6,541,Virginia,23224,United States,-90.20475995999999,39.9550821,Virginia
1,334,Indiana,47546-2310,United States,-86.92850063,38.39736355,Indiana
6,501,KwaZulu-Natal,4184,South Africa,30.6865,-30.3876,KwaZulu-Natal
6,310,Missouri,63049-2684,United States,-90.503349,38.48282,Missouri
8,641,Florida,33613-1254,United States,-90.20475995999999,39.9550821,Florida
1,23,Washington,98221-8682,United States,-122.5708729,48.46080506,Washington
1,562,Michigan,48067-2615,United States,-83.1440578,42.4836283,Michigan
1,198,Michigan,48216-1934,United States,-83.088689,42.3184806,Michigan
6,410,NSW,2204,Australia,151.1648777,-33.9118045,NSW
6,410,NSW,2204,Australia,151.1648777,-33.9118045,NSW
6,410,NSW,2204,Australia,151.1648777,-33.9118045,NSW
8,48,Texas,78723,United States,-90.20475995999999,39.9550821,Texas
1,64,Maine,04530,United States,-69.81414593,43.91408541,Maine
6,396,New Mexico,87544-4029,United States,-106.3007594,35.8839054,New Mexico
6,224,Oklahoma,73013-1991,United States,-97.50849,35.619996,Oklahoma
7,298,Maryland,21078,United States,-76.0896568,39.5479443,Maryland
6,523,Maine,04103-1072,United States,-90.20475995999999,39.9550821,Maine
4,537,Nevada,89501-1233,United States,-90.20475995999999,39.9550821,Nevada
6,65,East Sussex,TN33 0HN,England,0.457425,50.916346,East Sussex
6,249,New York,12827,United States,-73.48739346,43.41676935,New York
1,140,Colorado,80104,United States,-104.859545,39.3721413,Colorado
6,415,Massachusetts,01754-2530,United States,-71.45416113,42.43001225,Massachusetts
1,269,Pennsylvania,17325-7840,United States,-90.20475995999999,39.9550821,Pennsylvania
1,255,Virginia,22407-4896,United States,-90.20475995999999,39.9550821,Virginia
8,342,Texas,77494,United States,-90.20475995999999,39.9550821,Texas
6,673,California,92081-8556,United States,-117.227634,33.140153,California
10,106,Bolzano,39100,Italy,46.501855459782,11.357376358549,Bolzano
6,433,Minnesota,55413-1530,United States,-93.237365,45.042082,Minnesota
5,381,Noord-Brabant,5737 BX,Netherlands,5.5957611,51.5178125,Noord-Brabant
1,273,Wisconsin,53217-4912,United States,-87.91923009,43.11415845,Wisconsin
1,606,West Virginia,25443-4601,United States,-77.804886,39.436699,West Virginia
6,349,Alaska,99901-6502,United States,-131.644822,55.34321,Alaska
6,289,Groningen,9743 AC,Netherlands,6.5351487,53.2266548,Groningen
10,378,Maine,04240-7774,United States,-70.219607,44.09567728,Maine
8,426,Florida,33130-3488,United States,-90.20475995999999,39.9550821,Florida
6,152,California,91911-4697,United States,-117.0830312,32.601264,California
6,584,California,92110,United States,-117.2117833,32.7580759,California
6,276,NSW,2250,Australia,151.3399984,-33.4269598,NSW
6,634,Massachusetts,01566-1568,United States,-90.20475995999999,39.9550821,Massachusetts
6,437,Montana,59801-1409,United States,-114.0202088,46.8725952,Montana
8,513,Pennsylvania,15206-5111,United States,-90.20475995999999,39.9550821,Pennsylvania
6,34,Louisiana,70512,United States,-91.925099,30.391754,Louisiana
6,597,Ontario,N7T 5T7,Canada,-90.20475995999999,39.9550821,Ontario
1,469,Illinois,60542-1674,United States,-90.20475995999999,39.9550821,Illinois
2,345,British Columbia,V1Y 7E4,Canada,-119.484,49.8942,British Columbia
6,551,North Carolina,27804,United States,-77.80208267,35.958026,North Carolina
6,100,Washington,98230,United States,-122.7447863,48.92831088,Washington
1,585,California,94121-3268,United States,-122.502981,37.7252994,California
6,673,California,92081,United States,-117.219665,33.14225042,California
6,84,New Jersey,07719-2705,United States,-74.0251959,40.1812131,New Jersey
8,328,Florida,32937,United States,-90.20475995999999,39.9550821,Florida
6,488,Florida,32176-3630,United States,-81.057048,29.326634,Florida
1,391,California,90802-3197,United States,-118.1909007,33.77017138,California
6,391,California,90802-3136,United States,-118.1894715,33.77015096,California
6,322,California,92647-7117,United States,-117.9953281,33.70446704,California
8,421,Tennessee,38104-6826,United States,-90.20475995999999,39.9550821,Tennessee
1,71,Virginia,24523,United States,-79.51785,37.33585,Virginia
5,174,Cork,T23 VF78,Ireland,-8.4750739,51.9037117,Cork
6,221,Massachusetts,01027-2207,United States,-90.20475995999999,39.9550821,Massachusetts
6,119,Maine,04009-1137,United States,-90.20475995999999,39.9550821,Maine
6,378,Maine,04240-7115,United States,-70.09605519,44.02012732,Maine
8,103,Virginia,20135,United States,-90.20475995999999,39.9550821,Virginia
6,68,North Carolina,27207-9269,United States,-90.20475995999999,39.9550821,North Carolina
6,105,Idaho,83704-7739,United States,-116.260854,43.620592,Idaho
10,301,California,95448-4105,United States,-122.8713046,38.6110317,California
10,157,California,95425-4439,United States,-123.0108285,38.78169817,California
1,555,California,94928,United States,-122.7101405,38.3649703,California
6,673,California,92083-7230,United States,-117.226238,33.188251,California
6,524,New Hampshire,03801-5915,United States,-70.790732,43.027935,New Hampshire
6,7,Missouri,64830,United States,-94.418276,37.248046,Missouri
6,253,British Columbia,V1J 3X2,Canada,-120.8531309,56.2396479,British Columbia
6,651,Texas,77377-6063,United States,-90.20475995999999,39.9550821,Texas
6,449,Tennessee,37208-1719,United States,-86.786174,36.181424,Tennessee
1,504,Illinois,61602-5121,United States,-90.20475995999999,39.9550821,Illinois
1,508,Michigan,49770-2415,United States,-84.95425838,45.37533801,Michigan
6,147,Michigan,49720-9504,United States,-85.249116,45.304738,Michigan
1,111,Washington,98011-0202,United States,-122.1914046,47.7663209,Washington
6,679,Alaska,99654-7679,United States,-149.4127103,61.5752695,Alaska
1,132,North Carolina,28716-4319,United States,-82.843001,35.53137,North Carolina
6,667,Ontario,K0B 1R0,Canada,-90.20475995999999,39.9550821,Ontario
3,690,Connecticut,06880-6227,United States,-73.311685,41.12587,Connecticut
6,159,NT,810,Australia,130.8545911,-12.3997094,NT
1,69,Kansas,67525-9231,United States,-98.667933,38.639049,Kansas
1,70,Pennsylvania,15010-4001,United States,-80.3192793,40.7650557,Pennsylvania
6,697,Montana,59353-8001,United States,-90.20475995999999,39.9550821,Montana
6,570,Minnesota,56301-4304,United States,-94.15733312,45.5585455,Minnesota
1,246,Arizona,86001-5500,United States,-90.20475995999999,39.9550821,Arizona
6,200,Montana,59725-2438,United States,-112.6396875,45.21575351,Montana
6,122,Oklahoma,74728-6765,United States,-94.7595504,34.1658072,Oklahoma
6,377,East Sussex,BN7 3DH,England,-0.068698,50.948125,East Sussex
1,630,Virginia,24401-2597,United States,-79.05582568,38.16800319,Virginia
1,671,Missouri,65084,United States,-92.835774,38.479374,Missouri
6,72,North Carolina,28604-8018,United States,-81.873356,36.16819584,North Carolina
6,97,Montana,59716,United States,-111.3037009,45.259632,Montana
1,451,North Carolina,28564-3051,United States,-90.20475995999999,39.9550821,North Carolina
4,649,Colorado,80233-2533,United States,-104.9417886,39.9285623,Colorado
4,455,Michigan,49117-1820,United States,-86.74311848,41.79322148,Michigan
6,188,Kentucky,40422-1674,United States,-84.771328,37.6481,Kentucky
6,110,NSW,2019,Australia,151.2007962,-33.9524167,NSW
6,521,SA,5606,Australia,135.8699779,-34.724806,SA
4,182,Virginia,22701-3102,United States,-90.20475995999999,39.9550821,Virginia
1,518,Satakunta,28100,Finland,21.7941,61.4864,Satakunta
6,468,Oklahoma,73069,United States,-97.4411294,35.2216069,Oklahoma
6,316,Hawaii,96814-1512,United States,-157.84062241753,21.301160773613,Hawaii
1,2,Hawaii,96701-4700,United States,-157.93993050588,21.383085776812,Hawaii
1,316,Hawaii,96826-3266,United States,-157.82140526171,21.292193299947,Hawaii
1,220,East Sussex,BN21 3YN,England,0.291598,50.767006,East Sussex
1,408,Vermont,05344,United States,-90.20475995999999,39.9550821,Vermont
6,528,Rhode Island,02903,United States,-71.4238514,41.8189698,Rhode Island
8,707,Florida,32792-5111,United States,-90.20475995999999,39.9550821,Florida
1,423,Arizona,85204,United States,-90.20475995999999,39.9550821,Arizona
1,490,Osaka,551-0001,Japan,135.4799445,34.66768998,Osaka
6,79,California,90201,United States,-118.18860164471,33.978161447335,California
6,520,New York,13833,United States,-90.20475995999999,39.9550821,New York
6,485,Oregon,97914-4473,United States,-116.9539806,44.01504307,Oregon
3,666,Washington,98660,United States,-122.6718911,45.62576802,Washington
6,424,WA,6280,Australia,115.1491063,-33.7866894,WA
6,263,Texas,77550-7742,United States,-90.20475995999999,39.9550821,Texas
6,150,Illinois,60613-3892,United States,-90.20475995999999,39.9550821,Illinois
10,479,California,92056-5864,United States,-117.292416,33.2139275,California
1,673,California,92084-6020,United States,-117.241029,33.2021182,California
6,673,California,92081-8351,United States,-117.2410328,33.20215305,California
8,74,Michigan,48809-1678,United States,-90.20475995999999,39.9550821,Michigan
4,76,Maine,04915-7221,United States,-68.9880177,44.4309432,Maine
6,77,New Jersey,07718-1144,United States,-90.20475995999999,39.9550821,New Jersey
3,17,New Hampshire,03602-3915,United States,-72.28542213,43.10984838,New Hampshire
6,653,Ontario,M5V0R4,Canada,-79.40217,43.64096,Ontario
10,262,Michigan,49053-9558,United States,-90.20475995999999,39.9550821,Michigan
1,338,Michigan,49007-3807,United States,-85.57887292,42.29491555,Michigan
1,568,Michigan,48079-5491,United States,-82.48591,42.823895,Michigan
1,482,Oklahoma,73118-1832,United States,-97.545912,35.522258,Oklahoma
6,703,Delaware,19808-6043,United States,-90.20475995999999,39.9550821,Delaware
1,81,Washington,98005,United States,-122.1777366164,47.621516191743,Washington
9,552,New York,11778-8986,United States,-90.20475995999999,39.9550821,New York
6,654,VIC,3228,Australia,144.3143953,-38.326986,VIC
3,599,Washington,98121-1716,United States,-122.3456669,47.6142953,Washington
6,620,Washington,99205-4542,United States,-117.4265497,47.67645574,Washington
6,653,Ontario,M6M2V7,Canada,-79.4693734,43.7067582,Ontario
6,653,Ontario,M6J2Z5,Canada,-79.4201617,43.6470653,Ontario
1,530,Virginia,20132-3178,United States,-77.7015903,39.1364247,Virginia
6,686,Illinois,60558,United States,-90.20475995999999,39.9550821,Illinois
1,391,California,90803-2806,United States,-118.1480454,33.759551,California
3,323,Alabama,35801-4837,United States,-86.58583931,34.73272365,Alabama
6,631,Virginia,20164-4470,United States,-77.4172876,38.9914289,Virginia
1,86,Minnesota,56601-3176,United States,-94.88482747,47.4699022,Minnesota
6,713,South Dakota,57078-3542,United States,-97.39428007,42.8771861,South Dakota
1,38,North Carolina,28801-3616,United States,-82.5557931,35.5912756,North Carolina
3,584,California,92120-3428,United States,-117.1020694,32.78737066,California
6,467,Virginia,23507-1401,United States,-76.30742245,36.86493389,Virginia
1,87,Oregon,97703-2018,United States,-121.3139312,44.06051115,Oregon
3,87,Oregon,97701,United States,-121.2914842,44.08727607,Oregon
6,88,VIC,3550,Australia,144.2833465,-36.7554722,VIC
6,366,South Carolina,29720-9443,United States,-90.20475995999999,39.9550821,South Carolina
8,625,Minnesota,55432-2802,United States,-90.20475995999999,39.9550821,Minnesota
3,532,Wisconsin,53403-1117,United States,-87.78630172,42.72641512,Wisconsin
1,620,Washington,99202-3120,United States,-117.2178526,47.6571208,Washington
6,397,California,90031,United States,-118.21606709577,34.064259318212,California
6,700,Pennsylvania,18706-6025,United States,-90.20475995999999,39.9550821,Pennsylvania
6,541,California,94801-2300,United States,-122.3578637,37.94244029,California
1,484,Nebraska,68104-4050,United States,-96.00634511,41.28489756,Nebraska
6,344,VIC,3042,Australia,144.848697,-37.7224426,VIC
6,143,Colorado,80016,United States,-104.8095432,39.6101371,Colorado
1,75,Washington,98394,United States,-122.83223,47.445115,Washington
6,558,Minnesota,55113-1315,United States,-93.17364906,45.02557829,Minnesota
6,126,VIC,3057,Australia,144.9793033,-37.7716941,VIC
6,535,Vermont,05060-8833,United States,-90.20475995999999,39.9550821,Vermont
3,250,Wisconsin,53538-3102,United States,-88.861232,42.9348495,Wisconsin
10,209,Minnesota,55806-2135,United States,-92.1219171,46.7676912,Minnesota
1,128,Iowa,52601,United States,-91.1052085,40.8106128,Iowa
1,438,Illinois,61265-1335,United States,-90.51736337,41.50590516,Illinois
6,547,Illinois,61201-8928,United States,-90.5669283,41.5076339,Illinois
1,367,Pennsylvania,16345,United States,-90.20475995999999,39.9550821,Pennsylvania
6,487,Oregon,97045-9453,United States,-122.421183,45.37878928,Oregon
6,487,Oregon,97023,United States,-122.3922913,45.31388797,Oregon
6,401,Massachusetts,01905-3058,United States,-90.20475995999999,39.9550821,Massachusetts
6,554,Arkansas,72756-5923,United States,-94.1178372,36.3168272,Arkansas
6,115,ACT,2612,Australia,149.1320159,-35.2730566,ACT
6,115,ACT,2612,Australia,149.1320159,-35.2730566,ACT
3,712,Washington,98901-2648,United States,-90.20475995999999,39.9550821,Washington
1,494,Western Cape,7646,South Africa,18.9781,-33.7214,Western Cape
6,193,Overijssel,7683 SX,Netherlands,6.5180278,52.4661069,Overijssel
1,90,West Virginia,25411-3008,United States,-78.271156,39.576782,West Virginia
6,91,Massachusetts,02779-1101,United States,-90.20475995999999,39.9550821,Massachusetts
10,617,Massachusetts,01373-0096,United States,-72.61025086,42.47779797,Massachusetts
6,92,New Jersey,08009-1902,United States,-74.92998973,39.79199228,New Jersey
0,92,Berlin,10999,Germany,52.4995161,13.4168836,Berlin
0,92,Berlin,10999,Germany,52.4995161,13.4168836,Berlin
6,708,California,95694-9066,United States,-122.0032197,38.51383288,California
6,93,Colorado,80513,United States,-90.20475995999999,39.9550821,Colorado
1,579,Idaho,83467-4246,United States,-113.8932079,45.1751978,Idaho
8,486,California,92867-6942,United States,-117.8704931,33.7500378,California
1,94,Pennsylvania,18603-4757,United States,-76.2381632,41.05243327,Pennsylvania
1,556,Pennsylvania,17572,United States,-90.20475995999999,39.9550821,Pennsylvania
3,599,Washington,98126,United States,-122.3763875,47.53628883,Washington
11,317,West Sussex,RH13 6LU,England,-0.26049,51.041848,West Sussex
3,120,Connecticut,06010,United States,-90.20475995999999,39.9550821,Connecticut
8,87,Oregon,97701-4924,United States,-121.2917516,44.04614868,Oregon
1,581,Utah,84101-2202,United States,-111.9017072,40.7594039,Utah
6,112,Colorado,80301-3203,United States,-90.20475995999999,39.9550821,Colorado
6,493,Ontario,K1Z 5C2,Canada,-90.20475995999999,39.9550821,Ontario
6,38,North Carolina,28801-3309,United States,-82.55191879,35.59166763,North Carolina
6,339,Montana,59901,United States,-90.20475995999999,39.9550821,Montana
6,95,TAS,7215,Australia,148.3046867,-41.8759185,TAS
6,95,TAS,7215,Australia,148.3043332,-41.8762315,TAS
6,538,Washington,98059,United States,-122.1555405,47.48904979,Washington
6,653,Ontario,M6G1G6,Canada,-79.4151848,43.6605305,Ontario
6,493,Ontario,K1C 7E6,Canada,-90.20475995999999,39.9550821,Ontario
6,329,Indiana,46220-4816,United States,-90.20475995999999,39.9550821,Indiana
6,167,Michigan,49321-8030,United States,-90.20475995999999,39.9550821,Michigan
1,463,Oregon,97365-4930,United States,-124.0572864,44.6330765,Oregon
6,89,Noord-Brabant,5056 RP,Netherlands,5.1294129,51.5425075,Noord-Brabant
6,340,Zeeland,4493 PA,Netherlands,3.708862,51.57543,Zeeland
6,668,Drenthe,9341 BL,Netherlands,6.3875368,53.0332193,Drenthe
1,481,Noord-Brabant,5394 LA,Netherlands,5.5310204,51.8104867,Noord-Brabant
6,553,Limburg,6045 JB,Netherlands,6.0504787,51.1686563,Limburg
1,27,Michigan,48104-4302,United States,-83.740111,42.2586786,Michigan
6,411,Bouche du Rhône,13006,France,5.38767154,43.29366192,Bouche du Rhône
6,402,Michigan,49701-8622,United States,-90.20475995999999,39.9550821,Michigan
1,510,Oregon,97370-9237,United States,-123.3625416,44.539936,Oregon
1,195,Colorado,80205-2210,United States,-104.9838084,39.7630094,Colorado
1,710,Colorado,80863,United States,-105.0519462,38.9941414,Colorado
6,392,New York,11101-6820,United States,-90.20475995999999,39.9550821,New York
8,153,Ohio,45244-3244,United States,-90.20475995999999,39.9550821,Ohio
1,465,Minnesota,56468-5001,United States,-94.2891095,46.5199477,Minnesota
6,418,Washington,99021-7818,United States,-117.266079,47.80652793,Washington
