v,vw,o,c,h,l,t,n
55740731.0,244.3303,248.93,243.85,249.1,241.8201,1735794000000,685448
40244114.0,243.0805,243.36,243.36,244.18,241.89,1735880400000,493786
45045571.0,245.1726,244.31,245.0,247.33,243.2,1736139600000,493920
40855960.0,242.9459,242.98,242.21,245.55,241.35,1736226000000,462887
37628940.0,242.2995,241.92,242.7,243.7123,240.05,1736312400000,406916
61710856.0,236.6061,240.01,236.85,240.16,233.0,1736485200000,685976
49630725.0,232.7529,233.53,234.4,234.67,229.72,1736744400000,561231
39435294.0,233.8731,234.75,233.28,236.12,232.472,1736830800000,436333
39831969.0,237.58,234.635,237.87,238.96,234.43,1736917200000,418804
71759052.0,230.4965,237.35,228.26,238.01,228.03,1737003600000,786112
68488301.0,230.4569,232.115,229.98,232.29,228.48,1737090000000,579302
98070429.0,221.6956,224.0,222.64,224.42,219.38,1737435600000,1220197
64126500.0,222.8221,219.79,223.83,224.12,219.79,1737522000000,683037
60234760.0,224.1093,224.74,223.66,227.03,222.3,1737608400000,619806
54697907.0,223.1447,224.78,222.78,225.63,221.41,1737694800000,579473
94863418.0,228.8379,224.02,229.86,232.15,223.98,1737954000000,1008209
75707569.0,237.4845,230.85,238.26,240.19,230.81,1738040400000,788818
45486100.0,237.4856,234.12,239.36,239.855,234.01,1738126800000,515214
55658279.0,238.9601,238.665,237.59,240.79,237.21,1738213200000,636380
101075128.0,238.5565,247.19,236.0,247.19,233.44,1738299600000,936710
73063301.0,228.3039,229.99,228.01,231.83,225.7,1738558800000,851664
45067301.0,231.2105,227.25,232.8,233.13,226.65,1738645200000,497328
39664989.0,230.8247,228.53,232.47,232.67,228.27,1738731600000,445631
29925349.0,232.404,231.285,233.22,233.8,230.425,1738818000000,375401
39707224.0,229.1297,232.6,227.63,234.0,227.26,1738904400000,488184
33115645.0,228.4505,229.57,227.65,230.585,227.2,1739163600000,398259
53718362.0,232.4502,228.2,232.62,235.23,228.13,1739250000000,552127
45243292.0,235.0413,231.2,236.87,236.96,230.68,1739336400000,486475
53614054.0,240.3233,236.91,241.53,242.3399,235.57,1739422800000,531132
40896227.0,244.0539,241.25,244.6,245.55,240.99,1739509200000,481732
48822491.0,244.1423,244.15,244.47,245.18,241.84,1739854800000,486720
32204215.0,244.6863,244.66,244.87,246.01,243.1604,1739941200000,383453
32316907.0,245.6383,244.94,245.83,246.78,244.29,1740027600000,405771
53197431.0,246.3756,245.95,245.55,248.69,245.22,1740114000000,508398
51326396.0,247.2414,244.925,247.1,248.86,244.42,1740373200000,593130
48013272.0,247.4765,248.0,247.04,250.0,244.91,1740459600000,574045
44433564.0,241.6568,244.33,240.36,244.98,239.13,1740546000000,557242
41153639.0,239.4953,239.41,237.3,242.46,237.06,1740632400000,503479
56833360.0,239.5113,236.95,241.84,242.09,230.2,1740718800000,572585
47183985.0,239.9029,241.79,238.03,244.0272,236.112,1740978000000,557039
53798062.0,237.5186,237.705,235.93,240.07,234.68,1741064400000,685400
47227643.0,234.0871,235.42,235.74,236.55,229.23,1741150800000,558645
45170419.0,235.2933,234.435,235.33,237.86,233.1581,1741237200000,551790
46273565.0,238.9038,235.105,239.07,241.37,234.76,1741323600000,581196
72071197.0,227.6311,235.54,227.48,236.16,224.22,1741579200000,1152721
76137410.0,221.1802,223.805,220.84,225.8399,217.45,1741665600000,899698
62547467.0,217.6087,220.14,216.98,221.75,214.91,1741752000000,792931
61368330.0,212.0158,215.95,209.68,216.8394,208.42,1741838400000,768934
60107582.0,212.4529,211.25,213.49,213.95,209.58,1741924800000,668917
48073426.0,213.2536,213.31,214.0,215.22,209.97,1742184000000,577436
42432426.0,213.0584,214.16,212.69,215.15,211.49,1742270400000,493004
54385391.0,215.5599,214.22,215.24,218.76,213.75,1742356800000,524678
48862947.0,214.3888,213.99,214.1,217.4899,212.22,1742443200000,499769
94127768.0,215.9206,211.56,218.27,218.84,211.28,1742529600000,496948
44299483.0,220.0734,221.0,220.73,221.48,218.58,1742788800000,495018
34493583.0,223.1154,220.77,223.75,224.1,220.08,1742875200000,407132
34532656.0,222.5222,223.51,221.53,225.02,220.47,1742961600000,440452
37094774.0,223.3729,221.39,223.85,224.99,220.5601,1743048000000,387119
39818617.0,219.3577,221.67,217.9,223.81,217.68,1743134400000,485185
65299321.0,220.6567,217.005,222.13,225.62,216.23,1743393600000,646564
36412740.0,222.3361,219.805,223.19,223.68,218.9,1743480000000,594670
35905904.0,222.4314,221.315,223.89,225.19,221.02,1743566400000,473114
103419006.0,204.1959,205.54,203.19,207.49,201.25,1743652800000,1366640
125910913.0,192.5546,193.89,188.38,199.88,187.34,1743739200000,1716140
160466286.0,180.5634,177.2,181.46,194.15,174.62,1743998400000,2117015
120859491.0,179.0733,186.7,172.42,190.335,169.2101,1744084800000,1671528
184395885.0,187.9539,171.95,198.85,200.61,171.89,1744171200000,2212959
121879981.0,189.982,189.065,190.42,194.7799,183.0,1744257600000,1500041
87435915.0,195.623,186.1,198.15,199.54,186.06,1744344000000,1073191
101352911.0,205.5914,211.44,202.52,212.94,201.1621,1744603200000,1272714
51343872.0,202.1396,201.855,202.14,203.51,199.8,1744689600000,595846
59732423.0,195.8892,198.36,194.27,200.7,192.37,1744776000000,744249
52164675.0,196.8888,197.2,196.98,198.8335,194.42,1744862400000,537919
46742537.0,192.0767,193.265,193.16,193.8,189.8112,1745208000000,576340
52976371.0,199.2937,196.12,199.74,201.59,195.97,1745294400000,608790
52929165.0,205.3603,206.0,204.6,208.0,202.799,1745380800000,664354
47310989.0,207.0889,204.89,208.37,208.8299,202.94,1745467200000,490831
38222258.0,208.3682,206.365,209.28,209.75,206.2,1745553600000,469917
38743074.0,209.6745,210.0,210.14,211.5,207.46,1745812800000,436969
36827633.0,210.9585,208.693,211.21,212.24,208.37,1745899200000,403524
52286454.0,211.3283,209.3,212.5,213.58,206.6705,1745985600000,501667
57365675.0,211.8686,209.08,213.32,214.56,208.9,1746072000000,712566
101010621.0,204.9131,206.09,205.35,206.99,202.16,1746158400000,1100613
69018452.0,199.7435,203.1,198.89,204.1,198.21,1746417600000,770697
51216482.0,198.8453,198.21,198.51,200.65,197.02,1746504000000,529849
68616943.0,195.9883,199.17,196.25,199.44,193.25,1746590400000,753075
50478872.0,197.7519,197.72,197.49,200.05,194.6796,1746676800000,599001
36453923.0,198.6614,199.0,198.53,200.5399,197.535,1746763200000,423067
63775814.0,209.7114,210.97,210.79,211.2679,206.75,1747022400000,806841
51909332.0,211.8003,210.43,212.93,213.4,209.0,1747108800000,608884
49325825.0,212.2847,212.43,212.33,213.94,210.5801,1747195200000,596267
45029473.0,211.308,210.95,211.45,212.96,209.54,1747281600000,550863
54737850.0,211.25,212.36,211.26,212.57,209.77,1747368000000,512788
46140527.0,207.6892,207.91,208.78,209.48,204.26,1747627200000,617742
42496635.0,207.0811,207.67,206.86,208.47,205.03,1747713600000,511393
59211774.0,203.4576,205.17,202.09,207.04,200.71,1747800000000,783994
46742407.0,201.4092,200.71,201.36,202.75,199.7,1747886400000,615608
78432918.0,195.8833,193.665,195.27,197.7,193.46,1747972800000,1035410
56288475.0,199.4808,198.3,200.21,200.74,197.43,1748318400000,710445
45339678.0,200.9086,200.59,200.42,202.73,199.9,1748404800000,549615
51477938.0,200.5388,203.575,199.95,203.81,198.51,1748491200000,652509
70819942.0,199.9641,199.37,200.85,201.96,196.78,1748577600000,605924
35423294.0,201.2063,200.28,201.7,202.13,200.12,1748836800000,501431
46381567.0,202.8132,201.35,203.27,203.77,200.955,1748923200000,519820
43603985.0,203.6276,202.91,202.82,206.24,202.1,1749009600000,568214
55221235.0,201.838,203.5,200.63,204.75,200.15,1749096000000,637645
46607693.0,204.0682,203.0,203.92,205.7,202.05,1749182400000,556357
72862557.0,202.5405,204.39,201.45,206.0,200.02,1749441600000,860118
54672608.0,202.5339,200.6,202.67,204.35,200.57,1749528000000,611323
60989857.0,200.4652,203.5,198.78,204.5,198.41,1749614400000,770310
43904635.0,198.7007,199.08,199.2,199.68,197.3601,1749700800000,541843
51447349.0,197.0361,199.73,196.45,200.37,195.7,1749787200000,716210
43020691.0,197.8895,197.3,198.42,198.685,196.5636,1750046400000,568354
38856152.0,196.4948,197.2,195.64,198.39,195.21,1750132800000,522902
45394689.0,196.4448,195.94,196.58,197.57,195.07,1750219200000,520881
96813542.0,199.8096,198.235,201.0,201.7,196.855,1750392000000,680915
55814272.0,201.1824,201.625,201.5,202.3,198.96,1750651200000,618980
54064033.0,201.4391,202.59,200.3,203.44,200.2,1750737600000,666917
39525730.0,201.7923,201.45,201.56,203.67,200.6201,1750824000000,514978
50799121.0,200.6328,201.43,201.0,202.64,199.46,1750910400000,622887
73188571.0,201.4224,201.89,201.08,203.22,200.0,1750996800000,596078
91912816.0,203.3565,202.01,205.17,207.39,199.2607,1751256000000,914593
78788867.0,208.176,206.665,207.82,210.1865,206.1401,1751342400000,970491
67941811.0,211.7489,208.91,212.44,213.34,208.14,1751428800000,798402
34955836.0,213.5582,212.145,213.55,214.65,211.8101,1751515200000,432780
50228984.0,211.1605,212.68,209.95,216.23,208.8,1751860800000,670324
42848928.0,209.9116,210.1,210.01,211.43,208.45,1751947200000,512140
48749367.0,209.5626,209.53,211.14,211.33,207.22,1752033600000,590796
44443635.0,212.2489,210.505,212.41,213.48,210.03,1752120000000,545131
39765812.0,211.0285,210.565,211.16,212.13,209.86,1752206400000,431665
38840111.0,208.7627,209.925,208.62,210.91,207.54,1752465600000,525534
42296339.0,210.0604,209.22,209.11,211.89,208.92,1752552000000,526311
47490532.0,210.3633,210.295,210.16,212.4,208.64,1752638400000,535850
48068141.0,210.5606,210.57,210.02,211.8,209.59,1752724800000,574972
48974591.0,210.8567,210.87,211.18,211.79,209.7045,1752811200000,478858
51377434.0,213.3495,212.1,212.48,215.78,211.63,1753070400000,651657
46404072.0,213.6492,213.14,214.4,214.95,212.2301,1753156800000,549182
46989301.0,213.7982,215.0,214.15,215.15,212.41,1753243200000,497904
46022620.0,214.3924,213.9,213.76,215.69,213.53,1753329600000,505013
40268781.0,214.1284,214.7,213.88,215.24,213.4,1753416000000,409972
37858017.0,214.04,214.03,214.05,214.845,213.06,1753675200000,425354
51411723.0,212.1244,214.175,211.27,214.81,210.82,1753761600000,537963
45512514.0,209.5067,211.895,209.05,212.39,207.72,1753848000000,542351
80698431.0,208.9948,208.49,207.57,209.84,207.16,1753934400000,827514
104434473.0,204.507,210.865,202.38,213.58,201.5,1754020800000,1201399
75109298.0,204.2151,204.505,203.35,207.88,201.675,1754280000000,785189
44155079.0,203.548,203.4,202.92,205.34,202.16,1754366400000,491748
108483103.0,212.8573,205.63,213.25,215.38,205.59,1754452800000,1104103
90224834.0,219.3267,218.875,220.03,220.85,216.58,1754539200000,1007838
113853967.0,227.3071,220.83,229.35,231.0,219.25,1754625600000,1135405
61806132.0,227.323,227.92,227.18,229.56,224.76,1754884800000,692122
55672301.0,229.3355,228.005,229.65,230.8,227.07,1754971200000,561508
69878546.0,232.7762,231.07,233.33,235.0,230.43,1755057600000,740719
51916275.0,232.7455,234.055,232.78,235.12,230.85,1755144000000,558697
56038657.0,231.5464,234.0,231.59,234.28,229.335,1755230400000,503028
37476188.0,231.1904,231.7,230.89,233.12,230.11,1755489600000,430736
39402564.0,230.8466,231.275,230.56,232.87,229.35,1755576000000,445624
42263865.0,226.7667,229.98,226.01,230.47,225.77,1755662400000,527559
30621249.0,224.9952,226.27,224.9,226.52,223.7804,1755748800000,406761
42477811.0,227.764,226.17,227.76,229.09,225.41,1755835200000,488076
30983133.0,227.9958,226.48,227.16,229.3,226.23,1756094400000,426385
54575107.0,228.1997,226.87,229.31,229.49,224.69,1756180800000,405233
31259513.0,230.023,228.61,230.49,230.9,228.26,1756267200000,387841
38074700.0,232.0548,230.82,232.56,233.41,229.335,1756353600000,423338
39418437.0,232.321,232.51,232.14,233.38,231.37,1756440000000,428938
44075638.0,229.9932,229.25,229.72,230.85,226.97,1756785600000,598029
66427835.0,237.0292,237.21,238.47,238.85,234.36,1756872000000,898535
47549429.0,238.5031,238.45,239.78,239.8999,236.74,1756958400000,541770
54870397.0,239.6771,239.995,239.69,241.32,238.4901,1757044800000,610786
48999495.0,238.2065,239.3,237.88,240.15,236.34,1757304000000,563611
66313918.0,235.5793,237.0,234.35,238.7805,233.36,1757390400000,757845
83440810.0,227.7892,232.185,226.79,232.42,225.95,1757476800000,1031749
50208578.0,229.1184,226.875,230.03,230.45,226.65,1757563200000,592895
55824216.0,233.1344,229.22,234.07,234.51,229.02,1757649600000,602121
42699524.0,236.3383,237.0,236.7,238.19,235.03,1757908800000,575938
63421099.0,238.8414,237.175,238.15,241.22,236.3235,1757995200000,679032
46508017.0,239.2054,238.97,238.99,240.1,237.7301,1758081600000,509297
44249576.0,238.0573,239.97,237.88,241.2,236.65,1758168000000,517293
163741314.0,244.4678,241.225,245.5,246.3,240.2106,1758254400000,908635
105517416.0,253.7951,248.3,256.08,256.64,248.12,1758513600000,1183543
60275187.0,255.1677,255.875,254.43,257.34,253.58,1758600000000,673983
42303710.0,252.2784,255.22,252.31,255.74,251.04,1758686400000,491242
55202075.0,254.8219,253.205,256.87,257.17,251.712,1758772800000,625867
46076258.0,255.458,254.095,255.46,257.6,253.78,1758859200000,550704
40127687.0,254.0231,254.56,254.43,255.0,253.01,1759118400000,489835
37704259.0,254.539,254.855,254.63,255.919,253.11,1759204800000,439294
48713940.0,256.004,255.04,255.45,258.79,254.93,1759291200000,535581
42630239.0,256.855,256.575,257.13,258.18,254.15,1759377600000,485229
49155614.0,257.8596,254.665,258.02,259.24,253.95,1759464000000,706052
44664118.0,256.8692,257.99,256.69,259.07,255.05,1759723200000,649161
31955776.0,256.4092,256.805,256.48,257.4,255.43,1759809600000,511382
36496895.0,257.8119,256.52,258.06,258.52,256.11,1759896000000,395556
38322012.0,254.5102,257.805,254.04,258.0,253.14,1759982400000,536585
61999098.0,248.3661,254.94,245.27,256.38,244.0,1760068800000,908253
38142942.0,247.9036,249.38,247.66,249.69,245.56,1760328000000,614923
35477986.0,247.3488,246.6,247.77,248.845,244.7,1760414400000,533528
33893611.0,249.5813,249.485,249.34,251.82,247.47,1760500800000,528880
39776974.0,247.354,248.25,247.45,249.04,245.13,1760587200000,616258
49146961.0,250.7598,248.02,252.29,253.38,247.27,1760673600000,634830
90483029.0,261.7003,255.885,262.24,264.375,255.63,1760932800000,1160822
46695948.0,263.4176,261.88,262.77,265.29,261.83,1761019200000,714946
45015254.0,258.6829,262.65,258.45,262.85,255.43,1761105600000,687144
32754941.0,259.577,259.94,259.58,260.62,258.0101,1761192000000,482460
38253717.0,262.539,261.19,262.82,264.13,259.18,1761278400000,599534
44888152.0,267.0053,264.88,268.81,269.12,264.6501,1761537600000,661982
41534759.0,268.9865,268.985,269.0,269.89,268.15,1761624000000,585461
51086742.0,269.5125,269.275,269.7,271.41,267.11,1761710400000,687375
69886534.0,272.2528,271.99,271.4,274.14,268.48,1761796800000,984735
86167123.0,271.3276,276.99,270.37,277.32,269.16,1761883200000,1013846
50194583.0,268.2996,270.42,269.05,270.85,266.25,1762146000000,731851
49274846.0,269.7485,268.325,270.04,271.486,267.615,1762232400000,713303
43683072.0,269.8162,268.61,270.14,271.7,266.93,1762318800000,588621
51204045.0,270.7137,267.89,269.77,273.4,267.89,1762405200000,718679
48227365.0,269.0051,269.795,268.47,272.29,266.77,1762491600000,754451
41312412.0,270.0586,268.96,269.43,273.73,267.455,1762750800000,675207
46208318.0,274.0647,269.81,275.25,275.91,269.8,1762837200000,702875
48397982.0,273.8707,275.0,273.47,275.73,271.7,1762923600000,591930
49602794.0,273.3661,274.11,272.95,276.699,272.09,1763010000000,684410
47431331.0,273.1083,271.05,272.41,275.96,269.6,1763096400000,705592
45018260.0,267.9841,268.815,267.46,270.49,265.73,1763355600000,705791
45677278.0,267.725,269.99,267.44,270.71,265.32,1763442000000,706583
40424492.0,269.3251,265.525,268.56,272.21,265.5,1763528400000,626377
45823568.0,269.4695,270.83,266.25,275.43,265.92,1763614800000,756494
59030832.0,270.5152,265.95,271.49,273.33,265.67,1763701200000,794102
65585796.0,275.314,270.9,275.92,277.0,270.9,1763960400000,755844
46914220.0,277.9967,275.27,276.97,280.38,275.25,1764046800000,667295
33431423.0,278.0466,276.96,277.55,279.53,276.63,1764133200000,538937
20135620.0,277.6285,277.26,278.85,279.0,275.9865,1764306000000,369623
46587722.0,281.0702,278.01,283.1,283.42,276.14,1764565200000,644276
53669532.0,285.5944,283.0,286.19,287.4,282.6301,1764651600000,682387
43538687.0,285.5333,286.2,284.15,288.62,283.3,1764738000000,626171
43989056.0,280.7562,284.095,280.7,284.73,278.59,1764824400000,622885
47265845.0,279.156,280.54,278.78,281.14,278.05,1764910800000,551753
38211832.0,277.5381,278.13,277.89,279.6693,276.15,1765170000000,604852
32193256.0,277.8194,278.16,277.18,280.03,276.92,1765256400000,509389
33038318.0,278.4798,277.75,278.78,279.75,276.44,1765342800000,517045
33247986.0,277.1757,279.095,278.03,279.59,273.81,1765429200000,578987
39532887.0,278.2466,277.9,278.28,279.22,276.82,1765515600000,597250
50409078.0,274.5069,280.15,274.11,280.15,272.84,1765774800000,723431
37648628.0,273.8761,272.82,274.61,275.5,271.79,1765861200000,569202
50138743.0,272.9914,275.01,271.84,276.16,271.64,1765947600000,624189
51630721.0,271.3364,273.605,272.19,273.63,266.95,1766034000000,658922
144632048.0,272.8448,272.145,273.67,274.6,269.9,1766120400000,690849
36571827.0,271.577,272.86,270.97,273.88,270.505,1766379600000,613487
29641999.0,271.7749,270.84,272.36,272.5,269.56,1766466000000,494061
17910574.0,274.205,272.34,273.81,275.43,272.195,1766552400000,344039
21521802.0,274.1259,274.16,273.4,275.37,272.86,1766725200000,427277
23715213.0,273.6174,272.69,273.76,274.36,272.35,1766984400000,478414
22139617.0,273.0453,272.81,273.08,274.08,272.28,1767070800000,431190
27293639.0,272.2995,273.06,271.86,273.68,271.75,1767157200000,421948
