views,rank,view_history,type,title,displaytitle,wikibase_item,pageid,lang,dir,revision,tid,timestamp,description,description_source,extract,extract_html,normalizedtitle,namespace.id,namespace.text,titles.canonical,titles.normalized,titles.display,thumbnail.source,thumbnail.width,thumbnail.height,originalimage.source,originalimage.width,originalimage.height,coordinates.lat,coordinates.lon,content_urls.desktop.page,content_urls.desktop.revisions,content_urls.desktop.edit,content_urls.desktop.talk,content_urls.mobile.page,content_urls.mobile.revisions,content_urls.mobile.edit,content_urls.mobile.talk
295851,4,"[{'date': '2026-05-15Z', 'views': 77889}, {'date': '2026-05-16Z', 'views': 167907}, {'date': '2026-05-17Z', 'views': 204816}, {'date': '2026-05-18Z', 'views': 235633}, {'date': '2026-05-19Z', 'views': 295851}]",standard,Murder_of_Dominic_Russo_and_Davion_Flanagan,"<span lang=""en"" dir=""ltr""><span class=""mw-page-title-main"">Murder of Dominic Russo and Davion Flanagan</span></span>",Q139899727,80945212,en,ltr,1356327215,47739cf5-5975-11f1-a7e7-8f3fabab03ee,2026-05-27T02:39:27Z,2022 American double murder,local,"The murder of Dominic Russo and Davion Flanagan occurred on July 31, 2022, at approximately 5:30 a.m, when Mackenzie Shirilla intentionally crashed her vehicle into a brick wall in Strongsville, Ohio, killing two passengers: her boyfriend, Dominic Russo, and their friend, Davion Flanagan.","<p>The <b>murder of Dominic Russo and Davion Flanagan</b> occurred on July 31, 2022, at approximately 5:30 a.m, when Mackenzie Shirilla intentionally crashed her vehicle into a brick wall in Strongsville, Ohio, killing two passengers: her boyfriend, Dominic Russo, and their friend, Davion Flanagan.</p>",Murder of Dominic Russo and Davion Flanagan,0,,Murder_of_Dominic_Russo_and_Davion_Flanagan,Murder of Dominic Russo and Davion Flanagan,"<span lang=""en"" dir=""ltr""><span class=""mw-page-title-main"">Murder of Dominic Russo and Davion Flanagan</span></span>",https://upload.wikimedia.org/wikipedia/commons/thumb/6/6d/Mackenzie_Shirilla_car.png/330px-Mackenzie_Shirilla_car.png,330.0,249.0,https://upload.wikimedia.org/wikipedia/commons/6/6d/Mackenzie_Shirilla_car.png,405.0,305.0,41.32641,-81.85153,https://en.wikipedia.org/wiki/Murder_of_Dominic_Russo_and_Davion_Flanagan,https://en.wikipedia.org/wiki/Murder_of_Dominic_Russo_and_Davion_Flanagan?action=history,https://en.wikipedia.org/wiki/Murder_of_Dominic_Russo_and_Davion_Flanagan?action=edit,https://en.wikipedia.org/wiki/Talk:Murder_of_Dominic_Russo_and_Davion_Flanagan,https://en.wikipedia.org/wiki/Murder_of_Dominic_Russo_and_Davion_Flanagan,https://en.wikipedia.org/wiki/Special:History/Murder_of_Dominic_Russo_and_Davion_Flanagan,https://en.wikipedia.org/wiki/Murder_of_Dominic_Russo_and_Davion_Flanagan?action=edit,https://en.wikipedia.org/wiki/Talk:Murder_of_Dominic_Russo_and_Davion_Flanagan
233083,5,"[{'date': '2026-05-15Z', 'views': 12232}, {'date': '2026-05-16Z', 'views': 44740}, {'date': '2026-05-17Z', 'views': 16984}, {'date': '2026-05-18Z', 'views': 20455}, {'date': '2026-05-19Z', 'views': 233083}]",standard,Victor_Wembanyama,"<span lang=""en"" dir=""ltr""><span class=""mw-page-title-main"">Victor Wembanyama</span></span>",Q72941595,62201726,en,ltr,1356372143,74e13960-59b7-11f1-853a-b69a86240705,2026-05-27T10:33:10Z,French basketball player (born 2004),local,"Victor Nonga Wembanyama-de Fautereau-Vassel, nicknamed ""Wemby"" and ""the Alien"", is a French professional basketball player for the San Antonio Spurs of the National Basketball Association (NBA). He was selected first overall by the Spurs in the 2023 NBA draft and is considered one of the best basketball prospects ever due to his rare combination of height, agility, and skills.","<p><b>Victor Nonga Wembanyama-de Fautereau-Vassel</b>, nicknamed ""<b>Wemby</b>"" and ""<b>the Alien</b>"", is a French professional basketball player for the San Antonio Spurs of the National Basketball Association (NBA). He was selected first overall by the Spurs in the 2023 NBA draft and is considered one of the best basketball prospects ever due to his rare combination of height, agility, and skills.</p>",Victor Wembanyama,0,,Victor_Wembanyama,Victor Wembanyama,"<span lang=""en"" dir=""ltr""><span class=""mw-page-title-main"">Victor Wembanyama</span></span>",https://upload.wikimedia.org/wikipedia/commons/thumb/6/65/Victor_Wembanyama_San_Antonio_Spurs_2024.jpg/330px-Victor_Wembanyama_San_Antonio_Spurs_2024.jpg,330.0,440.0,https://upload.wikimedia.org/wikipedia/commons/thumb/6/65/Victor_Wembanyama_San_Antonio_Spurs_2024.jpg/1280px-Victor_Wembanyama_San_Antonio_Spurs_2024.jpg,1536.0,2048.0,,,https://en.wikipedia.org/wiki/Victor_Wembanyama,https://en.wikipedia.org/wiki/Victor_Wembanyama?action=history,https://en.wikipedia.org/wiki/Victor_Wembanyama?action=edit,https://en.wikipedia.org/wiki/Talk:Victor_Wembanyama,https://en.wikipedia.org/wiki/Victor_Wembanyama,https://en.wikipedia.org/wiki/Special:History/Victor_Wembanyama,https://en.wikipedia.org/wiki/Victor_Wembanyama?action=edit,https://en.wikipedia.org/wiki/Talk:Victor_Wembanyama
184752,7,"[{'date': '2026-05-15Z', 'views': 506}, {'date': '2026-05-16Z', 'views': 470}, {'date': '2026-05-17Z', 'views': 520}, {'date': '2026-05-18Z', 'views': 76936}, {'date': '2026-05-19Z', 'views': 184752}]",standard,Mark_Fuhrman,"<span lang=""en"" dir=""ltr""><span class=""mw-page-title-main"">Mark Fuhrman</span></span>",Q3431786,217346,en,ltr,1355946886,0766b88d-57b7-11f1-af35-a935837e3209,2026-05-24T21:25:04Z,American police detective (1952–2026),local,"Mark Fuhrman was an American law enforcement officer, author, and commentator. As a detective for the Los Angeles Police Department (LAPD), he became known for his role in the Nicole Brown Simpson and Ron Goldman murder investigation and the subsequent prosecution of O. J. Simpson. After his retirement from the LAPD, Fuhrman wrote several true crime books and hosted talk radio.","<p><b>Mark Fuhrman</b> was an American law enforcement officer, author, and commentator. As a detective for the Los Angeles Police Department (LAPD), he became known for his role in the Nicole Brown Simpson and Ron Goldman murder investigation and the subsequent prosecution of O. J. Simpson. After his retirement from the LAPD, Fuhrman wrote several true crime books and hosted talk radio.</p>",Mark Fuhrman,0,,Mark_Fuhrman,Mark Fuhrman,"<span lang=""en"" dir=""ltr""><span class=""mw-page-title-main"">Mark Fuhrman</span></span>",https://upload.wikimedia.org/wikipedia/commons/thumb/4/44/Mark_Fuhrman_2008_%283x4_cropped%29.jpg/330px-Mark_Fuhrman_2008_%283x4_cropped%29.jpg,330.0,437.0,https://upload.wikimedia.org/wikipedia/commons/4/44/Mark_Fuhrman_2008_%283x4_cropped%29.jpg,407.0,539.0,,,https://en.wikipedia.org/wiki/Mark_Fuhrman,https://en.wikipedia.org/wiki/Mark_Fuhrman?action=history,https://en.wikipedia.org/wiki/Mark_Fuhrman?action=edit,https://en.wikipedia.org/wiki/Talk:Mark_Fuhrman,https://en.wikipedia.org/wiki/Mark_Fuhrman,https://en.wikipedia.org/wiki/Special:History/Mark_Fuhrman,https://en.wikipedia.org/wiki/Mark_Fuhrman?action=edit,https://en.wikipedia.org/wiki/Talk:Mark_Fuhrman
181535,8,"[{'date': '2026-05-15Z', 'views': 199269}, {'date': '2026-05-16Z', 'views': 208919}, {'date': '2026-05-17Z', 'views': 210271}, {'date': '2026-05-18Z', 'views': 215416}, {'date': '2026-05-19Z', 'views': 181535}]",standard,Obsession_(2025_film),<i>Obsession</i> (2025 film),Q136163067,81007522,en,ltr,1356379024,79f7b8bc-59c2-11f1-af76-1e6e8b69d898,2026-05-27T11:52:03Z,2025 American horror film by Curry Barker,local,"Obsession is a 2025 American supernatural horror film written, directed, and edited by Curry Barker. The film follows Bear, a music store employee who buys a supernatural toy that grants him his wish for his childhood friend Nikki to fall in love with him, resulting in horrifying consequences. Cooper Tomlinson, Megan Lawless, and Andy Richter also appear in supporting roles.","<p><i><b>Obsession</b></i> is a 2025 American supernatural horror film written, directed, and edited by Curry Barker. The film follows Bear, a music store employee who buys a supernatural toy that grants him his wish for his childhood friend Nikki to fall in love with him, resulting in horrifying consequences. Cooper Tomlinson, Megan Lawless, and Andy Richter also appear in supporting roles.</p>",Obsession (2025 film),0,,Obsession_(2025_film),Obsession (2025 film),<i>Obsession</i> (2025 film),https://upload.wikimedia.org/wikipedia/en/0/05/Obsession_theatrical_poster.jpeg,260.0,385.0,https://upload.wikimedia.org/wikipedia/en/0/05/Obsession_theatrical_poster.jpeg,260.0,385.0,,,https://en.wikipedia.org/wiki/Obsession_(2025_film),https://en.wikipedia.org/wiki/Obsession_(2025_film)?action=history,https://en.wikipedia.org/wiki/Obsession_(2025_film)?action=edit,https://en.wikipedia.org/wiki/Talk:Obsession_(2025_film),https://en.wikipedia.org/wiki/Obsession_(2025_film),https://en.wikipedia.org/wiki/Special:History/Obsession_(2025_film),https://en.wikipedia.org/wiki/Obsession_(2025_film)?action=edit,https://en.wikipedia.org/wiki/Talk:Obsession_(2025_film)
159481,9,"[{'date': '2026-05-15Z', 'views': 585}, {'date': '2026-05-16Z', 'views': 626}, {'date': '2026-05-17Z', 'views': 602}, {'date': '2026-05-18Z', 'views': 164930}, {'date': '2026-05-19Z', 'views': 159481}]",standard,Tom_Kane,"<span lang=""en"" dir=""ltr""><span class=""mw-page-title-main"">Tom Kane</span></span>",Q2305700,1818874,en,ltr,1356320543,586cde66-596e-11f1-9d73-fd5585a09e29,2026-05-27T01:49:49Z,American voice actor (1962–2026),local,"Thomas Kane Roberts was an American voice actor. He was known for his work in animation and video games, most notably the Star Wars franchise, voicing established characters Yoda, Admiral Ackbar, Boba Fett, Qui-Gon Jinn, and C-3PO. Other notable roles include Professor Utonium in The Powerpuff Girls, Darwin Thornberry in The Wild Thornberrys, Mr. Herriman in Foster's Home for Imaginary Friends, and Woodhouse in Archer, taking the role over from George Coe following his death in 2015.","<p><b>Thomas Kane Roberts</b> was an American voice actor. He was known for his work in animation and video games, most notably the <i>Star Wars</i> franchise, voicing established characters Yoda, Admiral Ackbar, Boba Fett, Qui-Gon Jinn, and C-3PO. Other notable roles include Professor Utonium in <i>The Powerpuff Girls</i>, Darwin Thornberry in <i>The Wild Thornberrys</i>, Mr. Herriman in <i>Foster's Home for Imaginary Friends</i>, and Woodhouse in <i>Archer</i>, taking the role over from George Coe following his death in 2015.</p>",Tom Kane,0,,Tom_Kane,Tom Kane,"<span lang=""en"" dir=""ltr""><span class=""mw-page-title-main"">Tom Kane</span></span>",https://upload.wikimedia.org/wikipedia/commons/thumb/0/04/Tom_Kane_%2816727025965%29.jpg/330px-Tom_Kane_%2816727025965%29.jpg,330.0,443.0,https://upload.wikimedia.org/wikipedia/commons/0/04/Tom_Kane_%2816727025965%29.jpg,912.0,1225.0,,,https://en.wikipedia.org/wiki/Tom_Kane,https://en.wikipedia.org/wiki/Tom_Kane?action=history,https://en.wikipedia.org/wiki/Tom_Kane?action=edit,https://en.wikipedia.org/wiki/Talk:Tom_Kane,https://en.wikipedia.org/wiki/Tom_Kane,https://en.wikipedia.org/wiki/Special:History/Tom_Kane,https://en.wikipedia.org/wiki/Tom_Kane?action=edit,https://en.wikipedia.org/wiki/Talk:Tom_Kane
134999,10,"[{'date': '2026-05-15Z', 'views': 129596}, {'date': '2026-05-16Z', 'views': 119813}, {'date': '2026-05-17Z', 'views': 123576}, {'date': '2026-05-18Z', 'views': 136625}, {'date': '2026-05-19Z', 'views': 134999}]",standard,Deaths_in_2026,"<span lang=""en"" dir=""ltr""><span class=""mw-page-title-main"">Deaths in 2026</span></span>",Q134185145,81858235,en,ltr,1356384368,bd09565b-59c9-11f1-9fff-fc0f31cb52fa,2026-05-27T12:44:02Z,,local,"


The following notable deaths occurred in 2026. Names are reported under the date of death, in alphabetical order. A typical entry reports information in the following sequence:Name, age, country of citizenship at birth, subsequent nationality, what subject was noted for, cause of death, and a reference.","<p>


The following notable deaths occurred in 2026. Names are reported under the date of death, in alphabetical order. A typical entry reports information in the following sequence:</p><ul><li>Name, age, country of citizenship at birth, subsequent nationality, what subject was noted for, cause of death, and a reference.</li></ul>",Deaths in 2026,0,,Deaths_in_2026,Deaths in 2026,"<span lang=""en"" dir=""ltr""><span class=""mw-page-title-main"">Deaths in 2026</span></span>",,,,,,,,,https://en.wikipedia.org/wiki/Deaths_in_2026,https://en.wikipedia.org/wiki/Deaths_in_2026?action=history,https://en.wikipedia.org/wiki/Deaths_in_2026?action=edit,https://en.wikipedia.org/wiki/Talk:Deaths_in_2026,https://en.wikipedia.org/wiki/Deaths_in_2026,https://en.wikipedia.org/wiki/Special:History/Deaths_in_2026,https://en.wikipedia.org/wiki/Deaths_in_2026?action=edit,https://en.wikipedia.org/wiki/Talk:Deaths_in_2026
132835,11,"[{'date': '2026-05-15Z', 'views': 922}, {'date': '2026-05-16Z', 'views': 1401}, {'date': '2026-05-17Z', 'views': 1097}, {'date': '2026-05-18Z', 'views': 12580}, {'date': '2026-05-19Z', 'views': 132835}]",standard,Judy_Blume,"<span lang=""en"" dir=""ltr""><span class=""mw-page-title-main"">Judy Blume</span></span>",Q441214,16496,en,ltr,1355368594,f21e3265-5513-11f1-9fce-1ef280a71720,2026-05-21T12:52:38Z,American author (born 1938),local,"Judith Marcia Blume is an American writer of children's, young adult, and adult fiction. She began writing in 1959 and has published more than 26 novels. Among her best-known works are Superfudge (1980), Are You There God? It's Me, Margaret. (1970), Tales of a Fourth Grade Nothing (1972), Deenie (1973), Blubber (1974) and Double Fudge (2002). Blume's books have significantly contributed to children's and young adult literature. She was named one of the 100 most influential people in the world by Time magazine in 2023.","<p><b>Judith Marcia Blume</b> is an American writer of children's, young adult, and adult fiction. She began writing in 1959 and has published more than 26 novels. Among her best-known works are <i>Superfudge</i> (1980), <i>Are You There God? It's Me, Margaret.</i> (1970), <i>Tales of a Fourth Grade Nothing</i> (1972), <i>Deenie</i> (1973), <i>Blubber</i> (1974) and <i>Double Fudge</i> (2002). Blume's books have significantly contributed to children's and young adult literature. She was named one of the 100 most influential people in the world by <i>Time</i> magazine in 2023.</p>",Judy Blume,0,,Judy_Blume,Judy Blume,"<span lang=""en"" dir=""ltr""><span class=""mw-page-title-main"">Judy Blume</span></span>",https://upload.wikimedia.org/wikipedia/commons/thumb/1/18/JudyBlume2009%28cropped%29.jpg/330px-JudyBlume2009%28cropped%29.jpg,330.0,369.0,https://upload.wikimedia.org/wikipedia/commons/1/18/JudyBlume2009%28cropped%29.jpg,799.0,893.0,,,https://en.wikipedia.org/wiki/Judy_Blume,https://en.wikipedia.org/wiki/Judy_Blume?action=history,https://en.wikipedia.org/wiki/Judy_Blume?action=edit,https://en.wikipedia.org/wiki/Talk:Judy_Blume,https://en.wikipedia.org/wiki/Judy_Blume,https://en.wikipedia.org/wiki/Special:History/Judy_Blume,https://en.wikipedia.org/wiki/Judy_Blume?action=edit,https://en.wikipedia.org/wiki/Talk:Judy_Blume
125442,12,"[{'date': '2026-05-15Z', 'views': 174712}, {'date': '2026-05-16Z', 'views': 186849}, {'date': '2026-05-17Z', 'views': 167871}, {'date': '2026-05-18Z', 'views': 157826}, {'date': '2026-05-19Z', 'views': 125442}]",standard,Karuppu_(film),<i>Karuppu</i> (film),Q131341662,78116767,en,ltr,1356363922,7f48052d-59a8-11f1-a271-39ab938278c0,2026-05-27T08:46:05Z,2026 Indian film by RJ Balaji,local,"Karuppu (transl. Black) is a 2026 Indian Tamil-language fantasy action drama film directed by RJ Balaji from a screenplay he co-wrote with Rathna Kumar, Ashwin Ravichandran, Rahul Raj, T. S. Gopi Krishnan and Karan Aravind Kumar. Produced by Dream Warrior Pictures, the film stars Suriya, Trisha Krishnan and Balaji, alongside Indrans, Natty Subramaniam, Swasika, Sshivada and Supreeth Reddy. In the film, the guardian deity Vettai Karuppu disguises himself as a lawyer to fight corruption in a court system that exploits a young girl awaiting a liver transplant.","<p><i><b>Karuppu</b></i> (<abbr>transl.</abbr> Black) is a 2026 Indian Tamil-language fantasy action drama film directed by RJ Balaji from a screenplay he co-wrote with Rathna Kumar, Ashwin Ravichandran, Rahul Raj, T. S. Gopi Krishnan and Karan Aravind Kumar. Produced by Dream Warrior Pictures, the film stars Suriya, Trisha Krishnan and Balaji, alongside Indrans, Natty Subramaniam, Swasika, Sshivada and Supreeth Reddy. In the film, the guardian deity Vettai Karuppu disguises himself as a lawyer to fight corruption in a court system that exploits a young girl awaiting a liver transplant.</p>",Karuppu (film),0,,Karuppu_(film),Karuppu (film),<i>Karuppu</i> (film),https://upload.wikimedia.org/wikipedia/en/a/a0/Karuppu_film_poster.jpg,258.0,387.0,https://upload.wikimedia.org/wikipedia/en/a/a0/Karuppu_film_poster.jpg,258.0,387.0,,,https://en.wikipedia.org/wiki/Karuppu_(film),https://en.wikipedia.org/wiki/Karuppu_(film)?action=history,https://en.wikipedia.org/wiki/Karuppu_(film)?action=edit,https://en.wikipedia.org/wiki/Talk:Karuppu_(film),https://en.wikipedia.org/wiki/Karuppu_(film),https://en.wikipedia.org/wiki/Special:History/Karuppu_(film),https://en.wikipedia.org/wiki/Karuppu_(film)?action=edit,https://en.wikipedia.org/wiki/Talk:Karuppu_(film)
122886,13,"[{'date': '2026-05-15Z', 'views': 1484}, {'date': '2026-05-16Z', 'views': 3633}, {'date': '2026-05-17Z', 'views': 5967}, {'date': '2026-05-18Z', 'views': 41796}, {'date': '2026-05-19Z', 'views': 122886}]",standard,Enzo_Maresca,"<span lang=""en"" dir=""ltr""><span class=""mw-page-title-main"">Enzo Maresca</span></span>",Q317282,5097613,en,ltr,1356251097,54b36ae3-5922-11f1-af31-f3acf7d1acba,2026-05-26T16:45:41Z,Italian football manager (born 1980),local,Enzo Maresca is an Italian professional football manager and former player.,<p><b>Enzo Maresca</b> is an Italian professional football manager and former player.</p>,Enzo Maresca,0,,Enzo_Maresca,Enzo Maresca,"<span lang=""en"" dir=""ltr""><span class=""mw-page-title-main"">Enzo Maresca</span></span>",https://upload.wikimedia.org/wikipedia/commons/thumb/a/a4/Enzo_maresca_chelsea_gent_2024_%28extracted%29.jpg/330px-Enzo_maresca_chelsea_gent_2024_%28extracted%29.jpg,330.0,498.0,https://upload.wikimedia.org/wikipedia/commons/a/a4/Enzo_maresca_chelsea_gent_2024_%28extracted%29.jpg,1145.0,1727.0,,,https://en.wikipedia.org/wiki/Enzo_Maresca,https://en.wikipedia.org/wiki/Enzo_Maresca?action=history,https://en.wikipedia.org/wiki/Enzo_Maresca?action=edit,https://en.wikipedia.org/wiki/Talk:Enzo_Maresca,https://en.wikipedia.org/wiki/Enzo_Maresca,https://en.wikipedia.org/wiki/Special:History/Enzo_Maresca,https://en.wikipedia.org/wiki/Enzo_Maresca?action=edit,https://en.wikipedia.org/wiki/Talk:Enzo_Maresca
121969,14,"[{'date': '2026-05-15Z', 'views': 126765}, {'date': '2026-05-16Z', 'views': 128723}, {'date': '2026-05-17Z', 'views': 141121}, {'date': '2026-05-18Z', 'views': 130476}, {'date': '2026-05-19Z', 'views': 121969}]",standard,Off_Campus,<i>Off Campus</i>,Q138862091,78044637,en,ltr,1356361119,61c47197-59a3-11f1-bcb8-5299c8633bd8,2026-05-27T08:09:28Z,American romantic drama television series,local,"Off Campus is an American romantic drama television series created by Louisa Levy for Amazon Prime Video. It is based on the Off-Campus book series by Elle Kennedy. The series premiered on May 13, 2026. In February 2026, ahead of the series premiere, the series was renewed for a second season.","<p><i><b>Off Campus</b></i> is an American romantic drama television series created by Louisa Levy for Amazon Prime Video. It is based on the <i>Off-Campus</i> book series by Elle Kennedy. The series premiered on May 13, 2026. In February 2026, ahead of the series premiere, the series was renewed for a second season.</p>",Off Campus,0,,Off_Campus,Off Campus,<i>Off Campus</i>,,,,,,,,,https://en.wikipedia.org/wiki/Off_Campus,https://en.wikipedia.org/wiki/Off_Campus?action=history,https://en.wikipedia.org/wiki/Off_Campus?action=edit,https://en.wikipedia.org/wiki/Talk:Off_Campus,https://en.wikipedia.org/wiki/Off_Campus,https://en.wikipedia.org/wiki/Special:History/Off_Campus,https://en.wikipedia.org/wiki/Off_Campus?action=edit,https://en.wikipedia.org/wiki/Talk:Off_Campus
120708,15,"[{'date': '2026-05-18Z', 'views': 26681}, {'date': '2026-05-19Z', 'views': 120708}]",standard,2026_Islamic_Center_of_San_Diego_shooting,"<span lang=""en"" dir=""ltr""><span class=""mw-page-title-main"">2026 Islamic Center of San Diego shooting</span></span>",Q139844425,83213133,en,ltr,1356381646,0c4d8b02-59c6-11f1-9d6b-42d94c9e4467,2026-05-27T12:17:37Z,"Shooting in San Diego, California, US",local,"On May 18, 2026, a shooting occurred at the Islamic Center of San Diego (ICSD), the largest mosque in San Diego, California, United States. Two teenage gunmen, identified as 17-year-old Cain Lee Clark and 18-year-old Caleb Liam Vazquez, fatally shot a security guard and two community members outside the mosque before fleeing. Subsequently, they shot at a landscaper in a drive-by shooting and committed suicide in a nearby neighborhood.","<p>On May 18, 2026, a shooting occurred at the Islamic Center of San Diego (ICSD), the largest mosque in San Diego, California, United States. Two teenage gunmen, identified as 17-year-old Cain Lee Clark and 18-year-old Caleb Liam Vazquez, fatally shot a security guard and two community members outside the mosque before fleeing. Subsequently, they shot at a landscaper in a drive-by shooting and committed suicide in a nearby neighborhood.</p>",2026 Islamic Center of San Diego shooting,0,,2026_Islamic_Center_of_San_Diego_shooting,2026 Islamic Center of San Diego shooting,"<span lang=""en"" dir=""ltr""><span class=""mw-page-title-main"">2026 Islamic Center of San Diego shooting</span></span>",https://upload.wikimedia.org/wikipedia/commons/thumb/6/68/2026_SD_Shooting_Location.jpg/330px-2026_SD_Shooting_Location.jpg,330.0,149.0,https://upload.wikimedia.org/wikipedia/commons/thumb/6/68/2026_SD_Shooting_Location.jpg/3840px-2026_SD_Shooting_Location.jpg,4208.0,1894.0,32.8205,-117.1655,https://en.wikipedia.org/wiki/2026_Islamic_Center_of_San_Diego_shooting,https://en.wikipedia.org/wiki/2026_Islamic_Center_of_San_Diego_shooting?action=history,https://en.wikipedia.org/wiki/2026_Islamic_Center_of_San_Diego_shooting?action=edit,https://en.wikipedia.org/wiki/Talk:2026_Islamic_Center_of_San_Diego_shooting,https://en.wikipedia.org/wiki/2026_Islamic_Center_of_San_Diego_shooting,https://en.wikipedia.org/wiki/Special:History/2026_Islamic_Center_of_San_Diego_shooting,https://en.wikipedia.org/wiki/2026_Islamic_Center_of_San_Diego_shooting?action=edit,https://en.wikipedia.org/wiki/Talk:2026_Islamic_Center_of_San_Diego_shooting
111808,16,"[{'date': '2026-05-15Z', 'views': 7724}, {'date': '2026-05-16Z', 'views': 39131}, {'date': '2026-05-17Z', 'views': 18573}, {'date': '2026-05-18Z', 'views': 52835}, {'date': '2026-05-19Z', 'views': 111808}]",standard,Pep_Guardiola,"<span lang=""en"" dir=""ltr""><span class=""mw-page-title-main"">Pep Guardiola</span></span>",Q164038,2396553,en,ltr,1356381179,5f7309db-59c5-11f1-969f-aacaa81d2f36,2026-05-27T12:12:47Z,Catalan football manager (born 1971),local,"Josep ""Pep"" Guardiola Sala is a Catalan football manager and former player from Spain, who is the global ambassador of the City Football Group and was most recently the manager of Premier League club Manchester City. Widely regarded as one of the greatest football managers in history, Guardiola is one of two managers in history to win the continental treble twice and he holds the record for the most consecutive league games won in La Liga, Bundesliga, and the Premier League.","<p><b>Josep</b> ""<b>Pep</b>"" <b>Guardiola Sala</b> is a Catalan football manager and former player from Spain, who is the global ambassador of the City Football Group and was most recently the manager of Premier League club Manchester City. Widely regarded as one of the greatest football managers in history, Guardiola is one of two managers in history to win the continental treble twice and he holds the record for the most consecutive league games won in La Liga, Bundesliga, and the Premier League.</p>",Pep Guardiola,0,,Pep_Guardiola,Pep Guardiola,"<span lang=""en"" dir=""ltr""><span class=""mw-page-title-main"">Pep Guardiola</span></span>",https://upload.wikimedia.org/wikipedia/commons/thumb/6/60/Josep_Guardiola_2023-10-04_Fu%C3%9Fball%2C_M%C3%A4nner%2C_UEFA_Champions_League%2C_RB_Leipzig_-_Manchester_City_FC_1DX_2797_%28cropped%29.jpg/330px-Josep_Guardiola_2023-10-04_Fu%C3%9Fball%2C_M%C3%A4nner%2C_UEFA_Champions_League%2C_RB_Leipzig_-_Manchester_City_FC_1DX_2797_%28cropped%29.jpg,330.0,427.0,https://upload.wikimedia.org/wikipedia/commons/6/60/Josep_Guardiola_2023-10-04_Fu%C3%9Fball%2C_M%C3%A4nner%2C_UEFA_Champions_League%2C_RB_Leipzig_-_Manchester_City_FC_1DX_2797_%28cropped%29.jpg,1097.0,1419.0,,,https://en.wikipedia.org/wiki/Pep_Guardiola,https://en.wikipedia.org/wiki/Pep_Guardiola?action=history,https://en.wikipedia.org/wiki/Pep_Guardiola?action=edit,https://en.wikipedia.org/wiki/Talk:Pep_Guardiola,https://en.wikipedia.org/wiki/Pep_Guardiola,https://en.wikipedia.org/wiki/Special:History/Pep_Guardiola,https://en.wikipedia.org/wiki/Pep_Guardiola?action=edit,https://en.wikipedia.org/wiki/Talk:Pep_Guardiola
107649,18,"[{'date': '2026-05-15Z', 'views': 77963}, {'date': '2026-05-16Z', 'views': 72223}, {'date': '2026-05-17Z', 'views': 72155}, {'date': '2026-05-18Z', 'views': 86708}, {'date': '2026-05-19Z', 'views': 107649}]",standard,2026_FIFA_World_Cup,"<span lang=""en"" dir=""ltr""><span class=""mw-page-title-main"">2026 FIFA World Cup</span></span>",Q5020214,36581929,en,ltr,1356384586,05c11262-59ca-11f1-9f7b-74b0962ab622,2026-05-27T12:46:04Z,International men's soccer tournament in North America,local,"The 2026 FIFA World Cup will be the 23rd FIFA World Cup, the quadrennial international men's soccer championship contested by the national teams of the member associations of FIFA. The tournament will take place from June 11 to July 19, 2026. It will be jointly hosted by sixteen cities—eleven in the United States, three in Mexico, and two in Canada. The tournament will be the first FIFA World Cup to be hosted by three nations, and the first to include 48 teams, an expansion from 32 previously.","<p>The <b>2026 FIFA World Cup</b> will be the 23rd FIFA World Cup, the quadrennial international men's soccer championship contested by the national teams of the member associations of FIFA. The tournament will take place from June 11 to July 19, 2026. It will be jointly hosted by sixteen cities—eleven in the United States, three in Mexico, and two in Canada. The tournament will be the first FIFA World Cup to be hosted by three nations, and the first to include 48 teams, an expansion from 32 previously.</p>",2026 FIFA World Cup,0,,2026_FIFA_World_Cup,2026 FIFA World Cup,"<span lang=""en"" dir=""ltr""><span class=""mw-page-title-main"">2026 FIFA World Cup</span></span>",https://upload.wikimedia.org/wikipedia/en/thumb/1/17/2026_FIFA_World_Cup_emblem.svg/330px-2026_FIFA_World_Cup_emblem.svg.png,330.0,510.0,https://upload.wikimedia.org/wikipedia/en/thumb/1/17/2026_FIFA_World_Cup_emblem.svg/250px-2026_FIFA_World_Cup_emblem.svg.png,227.0,351.0,,,https://en.wikipedia.org/wiki/2026_FIFA_World_Cup,https://en.wikipedia.org/wiki/2026_FIFA_World_Cup?action=history,https://en.wikipedia.org/wiki/2026_FIFA_World_Cup?action=edit,https://en.wikipedia.org/wiki/Talk:2026_FIFA_World_Cup,https://en.wikipedia.org/wiki/2026_FIFA_World_Cup,https://en.wikipedia.org/wiki/Special:History/2026_FIFA_World_Cup,https://en.wikipedia.org/wiki/2026_FIFA_World_Cup?action=edit,https://en.wikipedia.org/wiki/Talk:2026_FIFA_World_Cup
106021,20,"[{'date': '2026-05-15Z', 'views': 87052}, {'date': '2026-05-16Z', 'views': 68348}, {'date': '2026-05-17Z', 'views': 78491}, {'date': '2026-05-18Z', 'views': 101033}, {'date': '2026-05-19Z', 'views': 106021}]",standard,"Neatsville,_Kentucky","<span lang=""en"" dir=""ltr""><span class=""mw-page-title-main"">Neatsville, Kentucky</span></span>",Q6984524,20147376,en,ltr,1353417094,788a67ed-4c26-11f1-9fb1-4ff27dd00fe8,2026-05-10T04:12:34Z,"Unincorporated community in Kentucky, US",local,"Neatsville is an unincorporated community in Adair County, in the U.S. state of Kentucky. It is located at the junction of Kentucky Route 206 and Kentucky Route 76. Its elevation is 705 feet (215 m). For unknown reasons, the town's name was spelled as Neetsville from 1876 until 1886, when the town's post office closed. In its early history from around the 1810s to 1900, Neatsville progressively grew to become a well-established, incorporated town. It has been relocated twice through the years, once due to flooding c. 1900 – c. 1902, which decimated the town, and once in the 1960s when the Green River was impounded to make way for the Green River Reservoir State Park.","<p><b>Neatsville</b> is an unincorporated community in Adair County, in the U.S. state of Kentucky. It is located at the junction of Kentucky Route 206 and Kentucky Route 76. Its elevation is 705 feet (215 m). For unknown reasons, the town's name was spelled as <b>Neetsville</b> from 1876 until 1886, when the town's post office closed. In its early history from around the 1810s to 1900, Neatsville progressively grew to become a well-established, incorporated town. It has been relocated twice through the years, once due to flooding <abbr>c.</abbr><span> 1900</span> – c.<span> 1902</span>, which decimated the town, and once in the 1960s when the Green River was impounded to make way for the Green River Reservoir State Park.</p>","Neatsville, Kentucky",0,,"Neatsville,_Kentucky","Neatsville, Kentucky","<span lang=""en"" dir=""ltr""><span class=""mw-page-title-main"">Neatsville, Kentucky</span></span>",,,,,,,37.19722222,-85.12555556,https://en.wikipedia.org/wiki/Neatsville%2C_Kentucky,https://en.wikipedia.org/wiki/Neatsville%2C_Kentucky?action=history,https://en.wikipedia.org/wiki/Neatsville%2C_Kentucky?action=edit,https://en.wikipedia.org/wiki/Talk:Neatsville%2C_Kentucky,https://en.wikipedia.org/wiki/Neatsville%2C_Kentucky,https://en.wikipedia.org/wiki/Special:History/Neatsville%2C_Kentucky,https://en.wikipedia.org/wiki/Neatsville%2C_Kentucky?action=edit,https://en.wikipedia.org/wiki/Talk:Neatsville%2C_Kentucky
100609,21,"[{'date': '2026-05-15Z', 'views': 2}, {'date': '2026-05-16Z', 'views': 1}, {'date': '2026-05-17Z', 'views': 0}, {'date': '2026-05-19Z', 'views': 100609}]",standard,Prorenoic_acid,"<span lang=""en"" dir=""ltr""><span class=""mw-page-title-main"">Prorenoic acid</span></span>",Q27292594,54459100,en,ltr,1329024778,376a2270-dfbd-11f0-b304-45b55e415139,2025-12-23T05:07:02Z,Chemical compound,local,"Prorenoic acid, or prorenoate, is a synthetic steroidal antimineralocorticoid which was never marketed.","<p><b>Prorenoic acid</b>, or <b>prorenoate</b>, is a synthetic steroidal antimineralocorticoid which was never marketed.</p>",Prorenoic acid,0,,Prorenoic_acid,Prorenoic acid,"<span lang=""en"" dir=""ltr""><span class=""mw-page-title-main"">Prorenoic acid</span></span>",https://upload.wikimedia.org/wikipedia/commons/thumb/9/92/Prorenoic_acid.svg/330px-Prorenoic_acid.svg.png,330.0,248.0,https://upload.wikimedia.org/wikipedia/commons/thumb/9/92/Prorenoic_acid.svg/1920px-Prorenoic_acid.svg.png,1530.0,1150.0,,,https://en.wikipedia.org/wiki/Prorenoic_acid,https://en.wikipedia.org/wiki/Prorenoic_acid?action=history,https://en.wikipedia.org/wiki/Prorenoic_acid?action=edit,https://en.wikipedia.org/wiki/Talk:Prorenoic_acid,https://en.wikipedia.org/wiki/Prorenoic_acid,https://en.wikipedia.org/wiki/Special:History/Prorenoic_acid,https://en.wikipedia.org/wiki/Prorenoic_acid?action=edit,https://en.wikipedia.org/wiki/Talk:Prorenoic_acid
99534,22,"[{'date': '2026-05-15Z', 'views': 119029}, {'date': '2026-05-16Z', 'views': 141046}, {'date': '2026-05-17Z', 'views': 147265}, {'date': '2026-05-18Z', 'views': 118518}, {'date': '2026-05-19Z', 'views': 99534}]",standard,Michael_Jackson,"<span lang=""en"" dir=""ltr""><span class=""mw-page-title-main"">Michael Jackson</span></span>",Q2831,14995351,en,ltr,1356324491,4f7e0a4b-5972-11f1-83ec-3736c7e57fd2,2026-05-27T02:18:12Z,American singer (1958–2009),local,"Michael Joseph Jackson was an American singer, songwriter, dancer, and philanthropist. Dubbed the ""King of Pop"", he is widely regarded as one of the most culturally significant figures of the 20th century. His musical achievements broke American racial barriers and made him a dominant figure worldwide. Through his songs, concerts, and fashion, he proliferated visual performance for artists in popular music, popularizing street dance moves such as the moonwalk, the robot, and the anti-gravity lean. Jackson is often deemed the greatest entertainer of all time.","<p><b>Michael Joseph Jackson</b> was an American singer, songwriter, dancer, and philanthropist. Dubbed the ""<b>King of Pop</b>"", he is widely regarded as one of the most culturally significant figures of the 20th century. His musical achievements broke American racial barriers and made him a dominant figure worldwide. Through his songs, concerts, and fashion, he proliferated visual performance for artists in popular music, popularizing street dance moves such as the moonwalk, the robot, and the anti-gravity lean. Jackson is often deemed the greatest entertainer of all time.</p>",Michael Jackson,0,,Michael_Jackson,Michael Jackson,"<span lang=""en"" dir=""ltr""><span class=""mw-page-title-main"">Michael Jackson</span></span>",https://upload.wikimedia.org/wikipedia/commons/thumb/b/b9/Michael_Jackson_1983_%283x4_cropped%29_%28contrast%29.jpg/330px-Michael_Jackson_1983_%283x4_cropped%29_%28contrast%29.jpg,330.0,439.0,https://upload.wikimedia.org/wikipedia/commons/b/b9/Michael_Jackson_1983_%283x4_cropped%29_%28contrast%29.jpg,2291.0,3046.0,,,https://en.wikipedia.org/wiki/Michael_Jackson,https://en.wikipedia.org/wiki/Michael_Jackson?action=history,https://en.wikipedia.org/wiki/Michael_Jackson?action=edit,https://en.wikipedia.org/wiki/Talk:Michael_Jackson,https://en.wikipedia.org/wiki/Michael_Jackson,https://en.wikipedia.org/wiki/Special:History/Michael_Jackson,https://en.wikipedia.org/wiki/Michael_Jackson?action=edit,https://en.wikipedia.org/wiki/Talk:Michael_Jackson
97929,23,"[{'date': '2026-05-15Z', 'views': 10566}, {'date': '2026-05-16Z', 'views': 11979}, {'date': '2026-05-17Z', 'views': 11441}, {'date': '2026-05-18Z', 'views': 22171}, {'date': '2026-05-19Z', 'views': 97929}]",standard,Arsenal_F.C.,"<span lang=""en"" dir=""ltr""><span class=""mw-page-title-main"">Arsenal F.C.</span></span>",Q9617,2174,en,ltr,1356385591,1a51d656-59cb-11f1-af05-5235ea40400c,2026-05-27T12:53:48Z,Association football club in England,local,"The Arsenal Football Club is an English professional football club based in Islington, North London, England. They compete in the Premier League, the top tier of English football. Domestically, Arsenal have won 14 league titles, a record 14 FA Cups, 2 League Cups, 17 FA Community Shields and a Football League Centenary Trophy. In European football, they have won one European Cup Winners' Cup and one Inter-Cities Fairs Cup. In terms of trophies won, it is the third-most successful club in English football, and one of the most successful clubs in world football.","<p>The <b>Arsenal Football Club</b> is an English professional football club based in Islington, North London, England. They compete in the Premier League, the top tier of English football. Domestically, Arsenal have won 14 league titles, a record 14 FA Cups, 2 League Cups, 17 FA Community Shields and a Football League Centenary Trophy. In European football, they have won one European Cup Winners' Cup and one Inter-Cities Fairs Cup. In terms of trophies won, it is the third-most successful club in English football, and one of the most successful clubs in world football.</p>",Arsenal F.C.,0,,Arsenal_F.C.,Arsenal F.C.,"<span lang=""en"" dir=""ltr""><span class=""mw-page-title-main"">Arsenal F.C.</span></span>",https://upload.wikimedia.org/wikipedia/en/thumb/5/53/Arsenal_FC.svg/330px-Arsenal_FC.svg.png,330.0,388.0,https://upload.wikimedia.org/wikipedia/en/thumb/5/53/Arsenal_FC.svg/330px-Arsenal_FC.svg.png,292.0,343.0,,,https://en.wikipedia.org/wiki/Arsenal_F.C.,https://en.wikipedia.org/wiki/Arsenal_F.C.?action=history,https://en.wikipedia.org/wiki/Arsenal_F.C.?action=edit,https://en.wikipedia.org/wiki/Talk:Arsenal_F.C.,https://en.wikipedia.org/wiki/Arsenal_F.C.,https://en.wikipedia.org/wiki/Special:History/Arsenal_F.C.,https://en.wikipedia.org/wiki/Arsenal_F.C.?action=edit,https://en.wikipedia.org/wiki/Talk:Arsenal_F.C.
92541,24,"[{'date': '2026-05-15Z', 'views': 10655}, {'date': '2026-05-16Z', 'views': 9733}, {'date': '2026-05-17Z', 'views': 27763}, {'date': '2026-05-18Z', 'views': 37955}, {'date': '2026-05-19Z', 'views': 92541}]",standard,Thomas_Massie,"<span lang=""en"" dir=""ltr""><span class=""mw-page-title-main"">Thomas Massie</span></span>",Q2426031,28005891,en,ltr,1356265936,b085f15a-5932-11f1-ab88-2a6b04216d15,2026-05-26T18:42:47Z,American politician (born 1971),local,"Thomas Harold Massie is an American politician and engineer. A member of the Republican Party, Massie has been the United States representative for Kentucky's 4th congressional district since 2012. The district is dominated by the Kentucky side of the Cincinnati area and Louisville's eastern suburbs extending over much of northeastern Kentucky.","<p><b>Thomas Harold Massie</b> is an American politician and engineer. A member of the Republican Party, Massie has been the United States representative for Kentucky's 4th congressional district since 2012. The district is dominated by the Kentucky side of the Cincinnati area and Louisville's eastern suburbs extending over much of northeastern Kentucky.</p>",Thomas Massie,0,,Thomas_Massie,Thomas Massie,"<span lang=""en"" dir=""ltr""><span class=""mw-page-title-main"">Thomas Massie</span></span>",https://upload.wikimedia.org/wikipedia/commons/thumb/c/cc/Massie_Thomas_119th_Congress_%28cropped_2%29.jpg/330px-Massie_Thomas_119th_Congress_%28cropped_2%29.jpg,330.0,440.0,https://upload.wikimedia.org/wikipedia/commons/c/cc/Massie_Thomas_119th_Congress_%28cropped_2%29.jpg,546.0,728.0,,,https://en.wikipedia.org/wiki/Thomas_Massie,https://en.wikipedia.org/wiki/Thomas_Massie?action=history,https://en.wikipedia.org/wiki/Thomas_Massie?action=edit,https://en.wikipedia.org/wiki/Talk:Thomas_Massie,https://en.wikipedia.org/wiki/Thomas_Massie,https://en.wikipedia.org/wiki/Special:History/Thomas_Massie,https://en.wikipedia.org/wiki/Thomas_Massie?action=edit,https://en.wikipedia.org/wiki/Talk:Thomas_Massie
87773,25,"[{'date': '2026-05-15Z', 'views': 93}, {'date': '2026-05-16Z', 'views': 107}, {'date': '2026-05-17Z', 'views': 119}, {'date': '2026-05-18Z', 'views': 79}, {'date': '2026-05-19Z', 'views': 87773}]",standard,Ready_or_Not_Here_I_Come_(Can't_Hide_from_Love),"<span lang=""en"" dir=""ltr""><span class=""mw-page-title-main"">Ready or Not Here I Come (Can&#039;t Hide from Love)</span></span>",Q7300699,11374327,en,ltr,1351229313,00db28ac-41a4-11f1-bc01-16268c46f337,2026-04-26T19:13:27Z,1968 single by The Delfonics,local,"""Ready or Not Here I Come (Can't Hide from Love)"" is a single from American R&B vocal group The Delfonics. The song was produced by Thom Bell and released on October 22, 1968 by Philly Groove Records. The song peaked at number 35 on the U.S. pop chart, and number 14 on the U.S. R&B chart. The song peaked at number 41 in the UK.","<p>""<b>Ready or Not Here I Come (Can't Hide from Love)</b>"" is a single from American R&amp;B vocal group The Delfonics. The song was produced by Thom Bell and released on October 22, 1968 by Philly Groove Records. The song peaked at number 35 on the U.S. pop chart, and number 14 on the U.S. R&amp;B chart. The song peaked at number 41 in the UK.</p>",Ready or Not Here I Come (Can't Hide from Love),0,,Ready_or_Not_Here_I_Come_(Can't_Hide_from_Love),Ready or Not Here I Come (Can't Hide from Love),"<span lang=""en"" dir=""ltr""><span class=""mw-page-title-main"">Ready or Not Here I Come (Can&#039;t Hide from Love)</span></span>",https://upload.wikimedia.org/wikipedia/commons/thumb/8/82/Ready_or_not_here_i_come_the_delfonics_UK_reissue_1971.webp/330px-Ready_or_not_here_i_come_the_delfonics_UK_reissue_1971.webp.png,330.0,332.0,https://upload.wikimedia.org/wikipedia/commons/8/82/Ready_or_not_here_i_come_the_delfonics_UK_reissue_1971.webp,588.0,592.0,,,https://en.wikipedia.org/wiki/Ready_or_Not_Here_I_Come_(Can't_Hide_from_Love),https://en.wikipedia.org/wiki/Ready_or_Not_Here_I_Come_(Can't_Hide_from_Love)?action=history,https://en.wikipedia.org/wiki/Ready_or_Not_Here_I_Come_(Can't_Hide_from_Love)?action=edit,https://en.wikipedia.org/wiki/Talk:Ready_or_Not_Here_I_Come_(Can't_Hide_from_Love),https://en.wikipedia.org/wiki/Ready_or_Not_Here_I_Come_(Can't_Hide_from_Love),https://en.wikipedia.org/wiki/Special:History/Ready_or_Not_Here_I_Come_(Can't_Hide_from_Love),https://en.wikipedia.org/wiki/Ready_or_Not_Here_I_Come_(Can't_Hide_from_Love)?action=edit,https://en.wikipedia.org/wiki/Talk:Ready_or_Not_Here_I_Come_(Can't_Hide_from_Love)
79818,26,"[{'date': '2026-05-15Z', 'views': 6403}, {'date': '2026-05-16Z', 'views': 18303}, {'date': '2026-05-17Z', 'views': 7063}, {'date': '2026-05-18Z', 'views': 5302}, {'date': '2026-05-19Z', 'views': 79818}]",standard,Dylan_Harper,"<span lang=""en"" dir=""ltr""><span class=""mw-page-title-main"">Dylan Harper</span></span>",Q120753257,73191168,en,ltr,1355835245,8f07e7c6-572d-11f1-972e-08df639c2d4c,2026-05-24T05:01:01Z,American basketball player (born 2006),local,"Dylan Harper is an American professional basketball player for the San Antonio Spurs of the National Basketball Association (NBA). He played college basketball for the Rutgers Scarlet Knights, and was drafted second overall in the 2025 NBA draft by the Spurs. He was a consensus five-star recruit and one of the top players in the 2024 class.","<p><b>Dylan Harper</b> is an American professional basketball player for the San Antonio Spurs of the National Basketball Association (NBA). He played college basketball for the Rutgers Scarlet Knights, and was drafted second overall in the 2025 NBA draft by the Spurs. He was a consensus five-star recruit and one of the top players in the 2024 class.</p>",Dylan Harper,0,,Dylan_Harper,Dylan Harper,"<span lang=""en"" dir=""ltr""><span class=""mw-page-title-main"">Dylan Harper</span></span>",,,,,,,,,https://en.wikipedia.org/wiki/Dylan_Harper,https://en.wikipedia.org/wiki/Dylan_Harper?action=history,https://en.wikipedia.org/wiki/Dylan_Harper?action=edit,https://en.wikipedia.org/wiki/Talk:Dylan_Harper,https://en.wikipedia.org/wiki/Dylan_Harper,https://en.wikipedia.org/wiki/Special:History/Dylan_Harper,https://en.wikipedia.org/wiki/Dylan_Harper?action=edit,https://en.wikipedia.org/wiki/Talk:Dylan_Harper
78938,27,"[{'date': '2026-05-15Z', 'views': 87605}, {'date': '2026-05-16Z', 'views': 100588}, {'date': '2026-05-17Z', 'views': 114589}, {'date': '2026-05-18Z', 'views': 97928}, {'date': '2026-05-19Z', 'views': 78938}]",standard,Michael_(2026_film),<i>Michael</i> (2026 film),Q116677364,70014183,en,ltr,1356340595,143a06ed-5987-11f1-b0ca-ac30cd59a3b7,2026-05-27T04:46:52Z,Biographical film by Antoine Fuqua,local,"Michael is a 2026 biographical film directed by Antoine Fuqua and written by John Logan. It follows the early life of American singer Michael Jackson, covering the period from his involvement in the Jackson 5 in the 1960s to the Bad World Tour in the late 1980s. Jackson is portrayed by his nephew Jaafar Jackson and as a child by Juliano Valdi, both in their film debuts. The supporting cast includes Nia Long, KeiLyn Durrel Jones, Laura Harrier, Jessica Sula, Mike Myers, Miles Teller, and Colman Domingo.","<p><i><b>Michael</b></i> is a 2026 biographical film directed by Antoine Fuqua and written by John Logan. It follows the early life of American singer Michael Jackson, covering the period from his involvement in the Jackson 5 in the 1960s to the Bad World Tour in the late 1980s. Jackson is portrayed by his nephew Jaafar Jackson and as a child by Juliano Valdi, both in their film debuts. The supporting cast includes Nia Long, KeiLyn Durrel Jones, Laura Harrier, Jessica Sula, Mike Myers, Miles Teller, and Colman Domingo.</p>",Michael (2026 film),0,,Michael_(2026_film),Michael (2026 film),<i>Michael</i> (2026 film),https://upload.wikimedia.org/wikipedia/en/3/37/Michael_%282026_film_poster%29.png,260.0,385.0,https://upload.wikimedia.org/wikipedia/en/3/37/Michael_%282026_film_poster%29.png,260.0,385.0,,,https://en.wikipedia.org/wiki/Michael_(2026_film),https://en.wikipedia.org/wiki/Michael_(2026_film)?action=history,https://en.wikipedia.org/wiki/Michael_(2026_film)?action=edit,https://en.wikipedia.org/wiki/Talk:Michael_(2026_film),https://en.wikipedia.org/wiki/Michael_(2026_film),https://en.wikipedia.org/wiki/Special:History/Michael_(2026_film),https://en.wikipedia.org/wiki/Michael_(2026_film)?action=edit,https://en.wikipedia.org/wiki/Talk:Michael_(2026_film)
78158,28,"[{'date': '2026-05-15Z', 'views': 9649}, {'date': '2026-05-16Z', 'views': 8724}, {'date': '2026-05-17Z', 'views': 13340}, {'date': '2026-05-18Z', 'views': 28642}, {'date': '2026-05-19Z', 'views': 78158}]",standard,Neymar,"<span lang=""en"" dir=""ltr""><span class=""mw-page-title-main"">Neymar</span></span>",Q142794,15326144,en,ltr,1356376059,76622ef4-59be-11f1-b8a3-4d8319c115f3,2026-05-27T11:23:19Z,Brazilian footballer (born 1992),local,"Neymar da Silva Santos Júnior, simply known as Neymar Júnior or mononymously as Neymar, is a Brazilian professional footballer who plays as an attacking midfielder or a forward for Campeonato Brasileiro Série A club Santos, which he captains, and the Brazil national team. Known for his dribbling, technical ability, playmaking, and finishing, he is widely regarded as one of the greatest players of all time. He is one of only five players to have scored 100 goals with three different clubs, both the all-time Brazilian top goalscorer (43) and assist provider (33) in the UEFA Champions League, ranks second for the all-time South American men's top goalscorers in international football (79), and was the all-time top assist provider in international football (59) from 2023 to 2025.","<p><b>Neymar da Silva Santos Júnior</b>, simply known as <b>Neymar Júnior</b> or mononymously as <b>Neymar</b>, is a Brazilian professional footballer who plays as an attacking midfielder or a forward for Campeonato Brasileiro Série A club Santos, which he captains, and the Brazil national team. Known for his dribbling, technical ability, playmaking, and finishing, he is widely regarded as one of the greatest players of all time. He is one of only five players to have scored 100 goals with three different clubs, both the all-time Brazilian top goalscorer (43) and assist provider (33) in the UEFA Champions League, ranks second for the all-time South American men's top goalscorers in international football (79), and was the all-time top assist provider in international football (59) from 2023 to 2025.</p>",Neymar,0,,Neymar,Neymar,"<span lang=""en"" dir=""ltr""><span class=""mw-page-title-main"">Neymar</span></span>",https://upload.wikimedia.org/wikipedia/commons/thumb/b/bb/Neymar_Jr._with_Al_Hilal%2C_3_October_2023_-_03_%28cropped%29.jpg/330px-Neymar_Jr._with_Al_Hilal%2C_3_October_2023_-_03_%28cropped%29.jpg,330.0,426.0,https://upload.wikimedia.org/wikipedia/commons/b/bb/Neymar_Jr._with_Al_Hilal%2C_3_October_2023_-_03_%28cropped%29.jpg,381.0,492.0,,,https://en.wikipedia.org/wiki/Neymar,https://en.wikipedia.org/wiki/Neymar?action=history,https://en.wikipedia.org/wiki/Neymar?action=edit,https://en.wikipedia.org/wiki/Talk:Neymar,https://en.wikipedia.org/wiki/Neymar,https://en.wikipedia.org/wiki/Special:History/Neymar,https://en.wikipedia.org/wiki/Neymar?action=edit,https://en.wikipedia.org/wiki/Talk:Neymar
76089,29,"[{'date': '2026-05-15Z', 'views': 10626}, {'date': '2026-05-16Z', 'views': 11618}, {'date': '2026-05-17Z', 'views': 67162}, {'date': '2026-05-18Z', 'views': 71197}, {'date': '2026-05-19Z', 'views': 76089}]",standard,Ebola,"<span lang=""en"" dir=""ltr""><span class=""mw-page-title-main"">Ebola</span></span>",Q51993,40817590,en,ltr,1356378753,271dffc4-59c2-11f1-89cb-69abd1dab064,2026-05-27T11:49:44Z,Hemorrhagic fever caused by ebolaviruses,local,"Ebola, also known as Ebola virus disease (EVD) and Ebola hemorrhagic fever (EHF), is a zoonotic viral hemorrhagic fever in humans and other primates, caused by four of the six known ebolaviruses. Symptoms typically start anywhere between two days and three weeks after infection. The first symptoms are usually fever, sore throat, muscle pain, and headaches. These are usually followed by vomiting, diarrhoea, rash, hepatic and renal dysfunction, at which point some people begin to bleed both internally and externally. Outbreaks of the disease have had a mortality rate of between 25 and 90%, averaging out at approximately 50%. The viral species involved and timing of treatment play a critical role in its prognosis. Death is often due to shock from fluid loss, and typically occurs between 6 and 16 days after the first symptoms appear.","<p><b>Ebola</b>, also known as <b>Ebola virus disease</b> (<b>EVD</b>) and <b>Ebola hemorrhagic fever</b> (<b>EHF</b>), is a zoonotic viral hemorrhagic fever in humans and other primates, caused by four of the six known ebolaviruses. Symptoms typically start anywhere between two days and three weeks after infection. The first symptoms are usually fever, sore throat, muscle pain, and headaches. These are usually followed by vomiting, diarrhoea, rash, hepatic and renal dysfunction, at which point some people begin to bleed both internally and externally. Outbreaks of the disease have had a mortality rate of between 25 and 90%, averaging out at approximately 50%. The viral species involved and timing of treatment play a critical role in its prognosis. Death is often due to shock from fluid loss, and typically occurs between 6 and 16 days after the first symptoms appear.</p>",Ebola,0,,Ebola,Ebola,"<span lang=""en"" dir=""ltr""><span class=""mw-page-title-main"">Ebola</span></span>",https://upload.wikimedia.org/wikipedia/commons/thumb/a/ab/7042_lores-Ebola-Zaire-CDC_Photo.jpg/330px-7042_lores-Ebola-Zaire-CDC_Photo.jpg,330.0,504.0,https://upload.wikimedia.org/wikipedia/commons/a/ab/7042_lores-Ebola-Zaire-CDC_Photo.jpg,1085.0,1658.0,,,https://en.wikipedia.org/wiki/Ebola,https://en.wikipedia.org/wiki/Ebola?action=history,https://en.wikipedia.org/wiki/Ebola?action=edit,https://en.wikipedia.org/wiki/Talk:Ebola,https://en.wikipedia.org/wiki/Ebola,https://en.wikipedia.org/wiki/Special:History/Ebola,https://en.wikipedia.org/wiki/Ebola?action=edit,https://en.wikipedia.org/wiki/Talk:Ebola
75243,30,"[{'date': '2026-05-15Z', 'views': 159761}, {'date': '2026-05-16Z', 'views': 528304}, {'date': '2026-05-17Z', 'views': 589937}, {'date': '2026-05-18Z', 'views': 150261}, {'date': '2026-05-19Z', 'views': 75243}]",standard,Eurovision_Song_Contest_2026,"<span lang=""en"" dir=""ltr""><span class=""mw-page-title-main"">Eurovision Song Contest 2026</span></span>",Q125933843,79992910,en,ltr,1356129211,25501e2b-5888-11f1-b98b-1c600a1dfb2f,2026-05-25T22:21:59Z,International song competition,local,"The Eurovision Song Contest 2026 was the 70th edition of the Eurovision Song Contest. It consisted of two semi-finals on 12 and 14 May and a final on 16 May 2026, held at Wiener Stadthalle in Vienna, Austria, and presented by Victoria Swarovski and Michael Ostrowski, with Emily Busvine acting as the green room host. It was organised by the European Broadcasting Union (EBU) and host broadcaster Österreichischer Rundfunk (ORF), which staged the event after winning the 2025 contest for Austria with the song ""Wasted Love"" by JJ.","<p>The <b>Eurovision Song Contest 2026</b> was the 70th edition of the Eurovision Song Contest. It consisted of two semi-finals on 12 and 14 May and a final on 16 May 2026, held at Wiener Stadthalle in Vienna, Austria, and presented by Victoria Swarovski and Michael Ostrowski, with Emily Busvine acting as the green room host. It was organised by the European Broadcasting Union (EBU) and host broadcaster Österreichischer Rundfunk (ORF), which staged the event after winning the 2025 contest for Austria with the song ""Wasted Love"" by JJ.</p>",Eurovision Song Contest 2026,0,,Eurovision_Song_Contest_2026,Eurovision Song Contest 2026,"<span lang=""en"" dir=""ltr""><span class=""mw-page-title-main"">Eurovision Song Contest 2026</span></span>",https://upload.wikimedia.org/wikipedia/en/thumb/6/60/Eurovision_Song_Contest_2026_logo.png/330px-Eurovision_Song_Contest_2026_logo.png,330.0,186.0,https://upload.wikimedia.org/wikipedia/en/6/60/Eurovision_Song_Contest_2026_logo.png,421.0,237.0,,,https://en.wikipedia.org/wiki/Eurovision_Song_Contest_2026,https://en.wikipedia.org/wiki/Eurovision_Song_Contest_2026?action=history,https://en.wikipedia.org/wiki/Eurovision_Song_Contest_2026?action=edit,https://en.wikipedia.org/wiki/Talk:Eurovision_Song_Contest_2026,https://en.wikipedia.org/wiki/Eurovision_Song_Contest_2026,https://en.wikipedia.org/wiki/Special:History/Eurovision_Song_Contest_2026,https://en.wikipedia.org/wiki/Eurovision_Song_Contest_2026?action=edit,https://en.wikipedia.org/wiki/Talk:Eurovision_Song_Contest_2026
74289,31,"[{'date': '2026-05-15Z', 'views': 42684}, {'date': '2026-05-16Z', 'views': 30623}, {'date': '2026-05-17Z', 'views': 24687}, {'date': '2026-05-18Z', 'views': 52375}, {'date': '2026-05-19Z', 'views': 74289}]",standard,2026_FIFA_World_Cup_squads,"<span lang=""en"" dir=""ltr""><span class=""mw-page-title-main"">2026 FIFA World Cup squads</span></span>",Q133699268,72629354,en,ltr,1356386149,cbf1074a-59cb-11f1-8cc7-40fdf75b153e,2026-05-27T12:58:46Z,List of squads for men's international team for FIFA World Cup 2026,local,"

The 2026 FIFA World Cup is an international football tournament which will be held in Canada, Mexico, and United States, from June 11 to July 19, 2026. The 48 national teams involved in the tournament will be required to register a squad of up to 26 players, including three goalkeepers. Only players in these squads will be eligible to take part in the tournament.","<p>

The 2026 FIFA World Cup is an international football tournament which will be held in Canada, Mexico, and United States, from June 11 to July 19, 2026. The 48 national teams involved in the tournament will be required to register a squad of up to 26 players, including three goalkeepers. Only players in these squads will be eligible to take part in the tournament.</p>",2026 FIFA World Cup squads,0,,2026_FIFA_World_Cup_squads,2026 FIFA World Cup squads,"<span lang=""en"" dir=""ltr""><span class=""mw-page-title-main"">2026 FIFA World Cup squads</span></span>",,,,,,,,,https://en.wikipedia.org/wiki/2026_FIFA_World_Cup_squads,https://en.wikipedia.org/wiki/2026_FIFA_World_Cup_squads?action=history,https://en.wikipedia.org/wiki/2026_FIFA_World_Cup_squads?action=edit,https://en.wikipedia.org/wiki/Talk:2026_FIFA_World_Cup_squads,https://en.wikipedia.org/wiki/2026_FIFA_World_Cup_squads,https://en.wikipedia.org/wiki/Special:History/2026_FIFA_World_Cup_squads,https://en.wikipedia.org/wiki/2026_FIFA_World_Cup_squads?action=edit,https://en.wikipedia.org/wiki/Talk:2026_FIFA_World_Cup_squads
71787,32,"[{'date': '2026-05-15Z', 'views': 33752}, {'date': '2026-05-16Z', 'views': 30419}, {'date': '2026-05-17Z', 'views': 28621}, {'date': '2026-05-18Z', 'views': 33038}, {'date': '2026-05-19Z', 'views': 71787}]",standard,The_Mandalorian_and_Grogu,<i>The Mandalorian and Grogu</i>,Q124246549,62414185,en,ltr,1356368410,a60a3b7b-59b0-11f1-941f-2d259eef616d,2026-05-27T09:44:26Z,2026 Star Wars film by Jon Favreau,local,"Star Wars: The Mandalorian and Grogu is a 2026 American science fiction film directed by Jon Favreau, who co-wrote the film with Dave Filoni and Noah Kloor. Produced by Lucasfilm and Fairview Entertainment, and distributed by Walt Disney Studios Motion Pictures, it is part of the Star Wars franchise and is a continuation of the Disney+ television series The Mandalorian (2019–2023). Pedro Pascal stars as Din Djarin / The Mandalorian—who was also portrayed on set by Brendan Wayne and Lateef Crowder—alongside Jeremy Allen White, Jonny Coyne, Martin Scorsese, and Sigourney Weaver. In the film, which is set following the fall of the Galactic Empire, Djarin and his apprentice Grogu are enlisted by the New Republic to rescue Rotta the Hutt (White) in exchange for information on a target.","<p><i><b>Star Wars: The Mandalorian and Grogu</b></i> is a 2026 American science fiction film directed by Jon Favreau, who co-wrote the film with Dave Filoni and Noah Kloor. Produced by Lucasfilm and Fairview Entertainment, and distributed by Walt Disney Studios Motion Pictures, it is part of the <i>Star Wars</i> franchise and is a continuation of the Disney+ television series <i>The Mandalorian</i> (2019–2023). Pedro Pascal stars as Din Djarin / The Mandalorian—who was also portrayed on set by Brendan Wayne and Lateef Crowder—alongside Jeremy Allen White, Jonny Coyne, Martin Scorsese, and Sigourney Weaver. In the film, which is set following the fall of the Galactic Empire, Djarin and his apprentice Grogu are enlisted by the New Republic to rescue Rotta the Hutt (White) in exchange for information on a target.</p>",The Mandalorian and Grogu,0,,The_Mandalorian_and_Grogu,The Mandalorian and Grogu,<i>The Mandalorian and Grogu</i>,https://upload.wikimedia.org/wikipedia/en/4/4c/The_Mandalorian_and_Grogu_poster.jpg,259.0,384.0,https://upload.wikimedia.org/wikipedia/en/4/4c/The_Mandalorian_and_Grogu_poster.jpg,259.0,384.0,,,https://en.wikipedia.org/wiki/The_Mandalorian_and_Grogu,https://en.wikipedia.org/wiki/The_Mandalorian_and_Grogu?action=history,https://en.wikipedia.org/wiki/The_Mandalorian_and_Grogu?action=edit,https://en.wikipedia.org/wiki/Talk:The_Mandalorian_and_Grogu,https://en.wikipedia.org/wiki/The_Mandalorian_and_Grogu,https://en.wikipedia.org/wiki/Special:History/The_Mandalorian_and_Grogu,https://en.wikipedia.org/wiki/The_Mandalorian_and_Grogu?action=edit,https://en.wikipedia.org/wiki/Talk:The_Mandalorian_and_Grogu
68625,33,"[{'date': '2026-05-15Z', 'views': 67362}, {'date': '2026-05-16Z', 'views': 53126}, {'date': '2026-05-17Z', 'views': 56960}, {'date': '2026-05-18Z', 'views': 58421}, {'date': '2026-05-19Z', 'views': 68625}]",standard,The_Boys_season_5,<i>The Boys</i> season 5,Q127691660,77406922,en,ltr,1356376972,d1e0ecc2-59bf-11f1-b1f4-7bafa4172daf,2026-05-27T11:33:02Z,Final season of television series The Boys,local,"The fifth and final season of the American satirical superhero television series The Boys, the first series in the franchise based on the comic book series of the same name created by Garth Ennis and Darick Robertson, was developed for television by Eric Kripke. The season was produced by Sony Pictures Television and Amazon MGM Studios in association with Point Grey Pictures, Original Film, Kripke Enterprises, Kickstart Entertainment, and KFL Nightsky Productions.","<p>The fifth and final season of the American satirical superhero television series <i>The Boys</i>, the first series in the franchise based on the comic book series of the same name created by Garth Ennis and Darick Robertson, was developed for television by Eric Kripke. The season was produced by Sony Pictures Television and Amazon MGM Studios in association with Point Grey Pictures, Original Film, Kripke Enterprises, Kickstart Entertainment, and KFL Nightsky Productions.</p>",The Boys season 5,0,,The_Boys_season_5,The Boys season 5,<i>The Boys</i> season 5,https://upload.wikimedia.org/wikipedia/en/9/9b/The_Boys_Season_5.jpg,282.0,352.0,https://upload.wikimedia.org/wikipedia/en/9/9b/The_Boys_Season_5.jpg,282.0,352.0,,,https://en.wikipedia.org/wiki/The_Boys_season_5,https://en.wikipedia.org/wiki/The_Boys_season_5?action=history,https://en.wikipedia.org/wiki/The_Boys_season_5?action=edit,https://en.wikipedia.org/wiki/Talk:The_Boys_season_5,https://en.wikipedia.org/wiki/The_Boys_season_5,https://en.wikipedia.org/wiki/Special:History/The_Boys_season_5,https://en.wikipedia.org/wiki/The_Boys_season_5?action=edit,https://en.wikipedia.org/wiki/Talk:The_Boys_season_5
68522,34,"[{'date': '2026-05-15Z', 'views': 6406}, {'date': '2026-05-16Z', 'views': 8169}, {'date': '2026-05-17Z', 'views': 42710}, {'date': '2026-05-18Z', 'views': 58206}, {'date': '2026-05-19Z', 'views': 68522}]",standard,Shai_Gilgeous-Alexander,"<span lang=""en"" dir=""ltr""><span class=""mw-page-title-main"">Shai Gilgeous-Alexander</span></span>",Q32860369,54516984,en,ltr,1356347132,549c834b-598d-11f1-806f-64225bc94653,2026-05-27T05:31:37Z,Canadian basketball player (born 1998),local,"Shaivonte Aician Gilgeous-Alexander, also known by his initials SGA, is a Canadian professional basketball player for the Oklahoma City Thunder of the National Basketball Association (NBA). He is a four-time NBA All-Star, a four-time All-NBA First Team member, and two-time NBA Most Valuable Player (MVP). Gilgeous-Alexander led the Thunder to their first NBA championship since relocating from Seattle to Oklahoma City, becoming the 11th Canadian to win an NBA title.","<p><b>Shaivonte Aician Gilgeous-Alexander</b>, also known by his initials <b>SGA</b>, is a Canadian professional basketball player for the Oklahoma City Thunder of the National Basketball Association (NBA). He is a four-time NBA All-Star, a four-time All-NBA First Team member, and two-time NBA Most Valuable Player (MVP). Gilgeous-Alexander led the Thunder to their first NBA championship since relocating from Seattle to Oklahoma City, becoming the 11th Canadian to win an NBA title.</p>",Shai Gilgeous-Alexander,0,,Shai_Gilgeous-Alexander,Shai Gilgeous-Alexander,"<span lang=""en"" dir=""ltr""><span class=""mw-page-title-main"">Shai Gilgeous-Alexander</span></span>",https://upload.wikimedia.org/wikipedia/commons/thumb/8/8c/2023-08-09_Deutschland_gegen_Kanada_%28Basketball-L%C3%A4nderspiel%29_by_Sandro_Halank%E2%80%93109.jpg/330px-2023-08-09_Deutschland_gegen_Kanada_%28Basketball-L%C3%A4nderspiel%29_by_Sandro_Halank%E2%80%93109.jpg,330.0,384.0,https://upload.wikimedia.org/wikipedia/commons/8/8c/2023-08-09_Deutschland_gegen_Kanada_%28Basketball-L%C3%A4nderspiel%29_by_Sandro_Halank%E2%80%93109.jpg,2486.0,2896.0,,,https://en.wikipedia.org/wiki/Shai_Gilgeous-Alexander,https://en.wikipedia.org/wiki/Shai_Gilgeous-Alexander?action=history,https://en.wikipedia.org/wiki/Shai_Gilgeous-Alexander?action=edit,https://en.wikipedia.org/wiki/Talk:Shai_Gilgeous-Alexander,https://en.wikipedia.org/wiki/Shai_Gilgeous-Alexander,https://en.wikipedia.org/wiki/Special:History/Shai_Gilgeous-Alexander,https://en.wikipedia.org/wiki/Shai_Gilgeous-Alexander?action=edit,https://en.wikipedia.org/wiki/Talk:Shai_Gilgeous-Alexander
67635,35,"[{'date': '2026-05-15Z', 'views': 6906}, {'date': '2026-05-16Z', 'views': 29301}, {'date': '2026-05-17Z', 'views': 11584}, {'date': '2026-05-18Z', 'views': 9470}, {'date': '2026-05-19Z', 'views': 67635}]",standard,Clash_in_Italy,"<span lang=""en"" dir=""ltr""><span class=""mw-page-title-main"">Clash in Italy</span></span>",Q138341357,82452803,en,ltr,1356376297,cf31c91b-59be-11f1-bd7c-e5f9f9080366,2026-05-27T11:25:48Z,2026 WWE pay-per-view and livestreaming event,local,"Clash in Italy is an upcoming 2026 professional wrestling pay-per-view (PPV) and livestreaming event produced by the American company WWE. The event will take place on Sunday, May 31, 2026, at the Inalpi Arena in Turin, Italy, and will be held for wrestlers from the promotion's Raw and SmackDown brand divisions. This marks WWE's first-ever PPV and livestreaming event held in Italy.","<p><b>Clash in Italy</b> is an upcoming 2026 professional wrestling pay-per-view (PPV) and livestreaming event produced by the American company WWE. The event will take place on Sunday, May 31, 2026, at the Inalpi Arena in Turin, Italy, and will be held for wrestlers from the promotion's Raw and SmackDown brand divisions. This marks WWE's first-ever PPV and livestreaming event held in Italy.</p>",Clash in Italy,0,,Clash_in_Italy,Clash in Italy,"<span lang=""en"" dir=""ltr""><span class=""mw-page-title-main"">Clash in Italy</span></span>",https://upload.wikimedia.org/wikipedia/en/1/17/WWE_Clash_in_Italy_poster.jpg,283.0,354.0,https://upload.wikimedia.org/wikipedia/en/1/17/WWE_Clash_in_Italy_poster.jpg,283.0,354.0,,,https://en.wikipedia.org/wiki/Clash_in_Italy,https://en.wikipedia.org/wiki/Clash_in_Italy?action=history,https://en.wikipedia.org/wiki/Clash_in_Italy?action=edit,https://en.wikipedia.org/wiki/Talk:Clash_in_Italy,https://en.wikipedia.org/wiki/Clash_in_Italy,https://en.wikipedia.org/wiki/Special:History/Clash_in_Italy,https://en.wikipedia.org/wiki/Clash_in_Italy?action=edit,https://en.wikipedia.org/wiki/Talk:Clash_in_Italy
65036,36,"[{'date': '2026-05-15Z', 'views': 56633}, {'date': '2026-05-16Z', 'views': 38747}, {'date': '2026-05-17Z', 'views': 46308}, {'date': '2026-05-18Z', 'views': 58668}, {'date': '2026-05-19Z', 'views': 65036}]",standard,Limonene,"<span lang=""en"" dir=""ltr""><span class=""mw-page-title-main"">Limonene</span></span>",Q278809,1779163,en,ltr,1351546770,b42058ea-4327-11f1-b385-07adbe077899,2026-04-28T17:28:43Z,Terpene hydrocarbon,local,"Limonene is a colorless liquid aliphatic hydrocarbon classified as a cyclic monoterpene, and is the major component in the fragrance and essential oil of citrus fruit peels, taking its name from Italian limone (""lemon"").","<p><b>Limonene</b> is a colorless liquid aliphatic hydrocarbon classified as a cyclic monoterpene, and is the major component in the fragrance and essential oil of citrus fruit peels, taking its name from Italian <i>limone</i> (""lemon"").</p>",Limonene,0,,Limonene,Limonene,"<span lang=""en"" dir=""ltr""><span class=""mw-page-title-main"">Limonene</span></span>",https://upload.wikimedia.org/wikipedia/commons/thumb/c/cb/Limonene.jpg/330px-Limonene.jpg,330.0,368.0,https://upload.wikimedia.org/wikipedia/commons/c/cb/Limonene.jpg,2912.0,3248.0,,,https://en.wikipedia.org/wiki/Limonene,https://en.wikipedia.org/wiki/Limonene?action=history,https://en.wikipedia.org/wiki/Limonene?action=edit,https://en.wikipedia.org/wiki/Talk:Limonene,https://en.wikipedia.org/wiki/Limonene,https://en.wikipedia.org/wiki/Special:History/Limonene,https://en.wikipedia.org/wiki/Limonene?action=edit,https://en.wikipedia.org/wiki/Talk:Limonene
63475,37,"[{'date': '2026-05-15Z', 'views': 62534}, {'date': '2026-05-16Z', 'views': 64871}, {'date': '2026-05-17Z', 'views': 67103}, {'date': '2026-05-18Z', 'views': 66438}, {'date': '2026-05-19Z', 'views': 63475}]",standard,Belmont_Cameli,"<span lang=""en"" dir=""ltr""><span class=""mw-page-title-main"">Belmont Cameli</span></span>",Q109408139,78890770,en,ltr,1356297746,872b8b8b-5957-11f1-aa4f-a5a5a13ffb2a,2026-05-26T23:06:29Z,American actor (born 1998),local,"Philip Belmont Cameli is an American actor, best known for his roles as Jamie Spano in the Saved by the Bell reboot (2020–2021), Eli in the Netflix film Along for the Ride (2022) and Garrett Graham in the Amazon Prime Video series Off Campus (2026–present).","<p><b>Philip Belmont Cameli</b> is an American actor, best known for his roles as Jamie Spano in the <i>Saved by the Bell</i> reboot (2020–2021), Eli in the Netflix film <i>Along for the Ride</i> (2022) and Garrett Graham in the Amazon Prime Video series <i>Off Campus</i> (2026–present).</p>",Belmont Cameli,0,,Belmont_Cameli,Belmont Cameli,"<span lang=""en"" dir=""ltr""><span class=""mw-page-title-main"">Belmont Cameli</span></span>",https://upload.wikimedia.org/wikipedia/commons/thumb/5/58/Belmont_Cameli_by_Gage_Skidmore.jpg/330px-Belmont_Cameli_by_Gage_Skidmore.jpg,330.0,431.0,https://upload.wikimedia.org/wikipedia/commons/5/58/Belmont_Cameli_by_Gage_Skidmore.jpg,1760.0,2296.0,,,https://en.wikipedia.org/wiki/Belmont_Cameli,https://en.wikipedia.org/wiki/Belmont_Cameli?action=history,https://en.wikipedia.org/wiki/Belmont_Cameli?action=edit,https://en.wikipedia.org/wiki/Talk:Belmont_Cameli,https://en.wikipedia.org/wiki/Belmont_Cameli,https://en.wikipedia.org/wiki/Special:History/Belmont_Cameli,https://en.wikipedia.org/wiki/Belmont_Cameli?action=edit,https://en.wikipedia.org/wiki/Talk:Belmont_Cameli
63201,38,"[{'date': '2026-05-15Z', 'views': 75497}, {'date': '2026-05-16Z', 'views': 50059}, {'date': '2026-05-17Z', 'views': 29665}, {'date': '2026-05-18Z', 'views': 46690}, {'date': '2026-05-19Z', 'views': 63201}]",standard,XXX_(Kendrick_Lamar_song),"<span lang=""en"" dir=""ltr""><span class=""mw-page-title-main"">XXX (Kendrick Lamar song)</span></span>",Q29831618,53747592,en,ltr,1354499906,132702b6-5167-11f1-9cae-6c81b0e2c59e,2026-05-16T20:37:37Z,Song by Kendrick Lamar featuring U2,local,"""XXX"" is a song by American rapper Kendrick Lamar, from his fourth studio album Damn, released on April 14, 2017. The eleventh track on the album, the song was written by Lamar, Mike Will Made It, DJ Dahi, Mark Spears a.k.a. Sounwave, Anthony Tiffith, Bono, the Edge, Adam Clayton, and Larry Mullen Jr., and produced by Mike Will Made It, DJ Dahi, and Sounwave, with additional production by Top Dawg and Bēkon. The song features samples of the songs ""America"" by Bēkon and ""American Soul"" by Irish rock band U2.","<p>""<b>XXX</b>"" is a song by American rapper Kendrick Lamar, from his fourth studio album <i>Damn</i>, released on April 14, 2017. The eleventh track on the album, the song was written by Lamar, Mike Will Made It, DJ Dahi, Mark Spears <abbr>a.k.a.</abbr> Sounwave, Anthony Tiffith, Bono, the Edge, Adam Clayton, and Larry Mullen Jr., and produced by Mike Will Made It, DJ Dahi, and Sounwave, with additional production by Top Dawg and Bēkon. The song features samples of the songs ""America"" by Bēkon and ""American Soul"" by Irish rock band U2.</p>",XXX (Kendrick Lamar song),0,,XXX_(Kendrick_Lamar_song),XXX (Kendrick Lamar song),"<span lang=""en"" dir=""ltr""><span class=""mw-page-title-main"">XXX (Kendrick Lamar song)</span></span>",,,,,,,,,https://en.wikipedia.org/wiki/XXX_(Kendrick_Lamar_song),https://en.wikipedia.org/wiki/XXX_(Kendrick_Lamar_song)?action=history,https://en.wikipedia.org/wiki/XXX_(Kendrick_Lamar_song)?action=edit,https://en.wikipedia.org/wiki/Talk:XXX_(Kendrick_Lamar_song),https://en.wikipedia.org/wiki/XXX_(Kendrick_Lamar_song),https://en.wikipedia.org/wiki/Special:History/XXX_(Kendrick_Lamar_song),https://en.wikipedia.org/wiki/XXX_(Kendrick_Lamar_song)?action=edit,https://en.wikipedia.org/wiki/Talk:XXX_(Kendrick_Lamar_song)
62870,39,"[{'date': '2026-05-15Z', 'views': 64143}, {'date': '2026-05-16Z', 'views': 65804}, {'date': '2026-05-17Z', 'views': 70395}, {'date': '2026-05-18Z', 'views': 65370}, {'date': '2026-05-19Z', 'views': 62870}]",standard,Ella_Bright,"<span lang=""en"" dir=""ltr""><span class=""mw-page-title-main"">Ella Bright</span></span>",Q103819183,64566946,en,ltr,1356375099,b4f6ea4c-59bc-11f1-8c27-ad3566cba6c8,2026-05-27T11:10:45Z,British and American actress (born 2006),local,"Ella Bright is a British and American actress and singer. She began her acting career as a child. For her performance in the CBBC series Malory Towers (2020–2025), she received Children's BAFTA and Emmy Award nominations. She has since starred in the Prime Video series Off Campus (2026–).","<p><b>Ella Bright</b> is a British and American actress and singer. She began her acting career as a child. For her performance in the CBBC series <i>Malory Towers</i> (2020–2025), she received Children's BAFTA and Emmy Award nominations. She has since starred in the Prime Video series <i>Off Campus</i> (2026–).</p>",Ella Bright,0,,Ella_Bright,Ella Bright,"<span lang=""en"" dir=""ltr""><span class=""mw-page-title-main"">Ella Bright</span></span>",,,,,,,,,https://en.wikipedia.org/wiki/Ella_Bright,https://en.wikipedia.org/wiki/Ella_Bright?action=history,https://en.wikipedia.org/wiki/Ella_Bright?action=edit,https://en.wikipedia.org/wiki/Talk:Ella_Bright,https://en.wikipedia.org/wiki/Ella_Bright,https://en.wikipedia.org/wiki/Special:History/Ella_Bright,https://en.wikipedia.org/wiki/Ella_Bright?action=edit,https://en.wikipedia.org/wiki/Talk:Ella_Bright
62251,40,"[{'date': '2026-05-15Z', 'views': 2072}, {'date': '2026-05-16Z', 'views': 1041}, {'date': '2026-05-17Z', 'views': 1234}, {'date': '2026-05-18Z', 'views': 7320}, {'date': '2026-05-19Z', 'views': 62251}]",standard,Eli_Junior_Kroupi,"<span lang=""en"" dir=""ltr""><span class=""mw-page-title-main"">Eli Junior Kroupi</span></span>",Q117774884,73579573,en,ltr,1356187459,7121bc3c-58c6-11f1-8f64-ca96874ea7df,2026-05-26T05:47:55Z,French footballer (born 2006),local,Eli Junior Éric Anatole Rainha Kroupi is a French professional footballer who plays as a forward for Premier League club Bournemouth.,<p><b>Eli Junior Éric Anatole Rainha Kroupi</b> is a French professional footballer who plays as a forward for Premier League club Bournemouth.</p>,Eli Junior Kroupi,0,,Eli_Junior_Kroupi,Eli Junior Kroupi,"<span lang=""en"" dir=""ltr""><span class=""mw-page-title-main"">Eli Junior Kroupi</span></span>",https://upload.wikimedia.org/wikipedia/commons/thumb/4/49/Eli_Junior_Kroupi.jpg/330px-Eli_Junior_Kroupi.jpg,330.0,693.0,https://upload.wikimedia.org/wikipedia/commons/4/49/Eli_Junior_Kroupi.jpg,648.0,1360.0,,,https://en.wikipedia.org/wiki/Eli_Junior_Kroupi,https://en.wikipedia.org/wiki/Eli_Junior_Kroupi?action=history,https://en.wikipedia.org/wiki/Eli_Junior_Kroupi?action=edit,https://en.wikipedia.org/wiki/Talk:Eli_Junior_Kroupi,https://en.wikipedia.org/wiki/Eli_Junior_Kroupi,https://en.wikipedia.org/wiki/Special:History/Eli_Junior_Kroupi,https://en.wikipedia.org/wiki/Eli_Junior_Kroupi?action=edit,https://en.wikipedia.org/wiki/Talk:Eli_Junior_Kroupi
61422,41,"[{'date': '2026-05-15Z', 'views': 14072}, {'date': '2026-05-16Z', 'views': 20466}, {'date': '2026-05-17Z', 'views': 23216}, {'date': '2026-05-18Z', 'views': 22492}, {'date': '2026-05-19Z', 'views': 61422}]",standard,Premier_League,"<span lang=""en"" dir=""ltr""><span class=""mw-page-title-main"">Premier League</span></span>",Q9448,11250,en,ltr,1356315644,de3a5bf4-5969-11f1-a403-6f26cd2a1222,2026-05-27T01:17:46Z,English association football league,local,"The Premier League is a professional association football league in England and the highest level of the English football league system. Contested by 20 clubs, it operates on a system of promotion and relegation with the English Football League (EFL). Seasons usually run from August to May, with each team playing 38 matches: two against each other team, one home and one away. Most games are played on weekend afternoons, with occasional weekday evening fixtures.","<p>The <b>Premier League</b> is a professional association football league in England and the highest level of the English football league system. Contested by 20 clubs, it operates on a system of promotion and relegation with the English Football League (EFL). Seasons usually run from August to May, with each team playing 38 matches: two against each other team, one home and one away. Most games are played on weekend afternoons, with occasional weekday evening fixtures.</p>",Premier League,0,,Premier_League,Premier League,"<span lang=""en"" dir=""ltr""><span class=""mw-page-title-main"">Premier League</span></span>",https://upload.wikimedia.org/wikipedia/en/thumb/f/f2/Premier_League_Logo.svg/330px-Premier_League_Logo.svg.png,330.0,138.0,https://upload.wikimedia.org/wikipedia/en/thumb/f/f2/Premier_League_Logo.svg/250px-Premier_League_Logo.svg.png,205.0,86.0,,,https://en.wikipedia.org/wiki/Premier_League,https://en.wikipedia.org/wiki/Premier_League?action=history,https://en.wikipedia.org/wiki/Premier_League?action=edit,https://en.wikipedia.org/wiki/Talk:Premier_League,https://en.wikipedia.org/wiki/Premier_League,https://en.wikipedia.org/wiki/Special:History/Premier_League,https://en.wikipedia.org/wiki/Premier_League?action=edit,https://en.wikipedia.org/wiki/Talk:Premier_League
60826,43,"[{'date': '2026-05-15Z', 'views': 94}, {'date': '2026-05-16Z', 'views': 110}, {'date': '2026-05-17Z', 'views': 104}, {'date': '2026-05-18Z', 'views': 107}, {'date': '2026-05-19Z', 'views': 60826}]",standard,Isak_Andic,"<span lang=""en"" dir=""ltr""><span class=""mw-page-title-main"">Isak Andic</span></span>",Q11043959,45000861,en,ltr,1355598302,575c485b-561a-11f1-8264-d5ba02e9eeec,2026-05-22T20:10:56Z,Turkish-Spanish billionaire businessman (1953–2024),local,"İsak Andiç Ermay was a Turkish-Spanish businessman, co-founder of clothing retailer Mango. As Mango's largest shareholder, Andiç was worth an estimated US$4.5 billion at the time of his death, making him the richest person in Catalonia and one of the richest in Spain. Andiç was also the second richest person in Turkey after Murat Ülker.","<p><b>İsak Andiç Ermay</b> was a Turkish-Spanish businessman, co-founder of clothing retailer Mango. As Mango's largest shareholder, Andiç was worth an estimated US$4.5 billion at the time of his death, making him the richest person in Catalonia and one of the richest in Spain. Andiç was also the second richest person in Turkey after Murat Ülker.</p>",Isak Andic,0,,Isak_Andic,Isak Andic,"<span lang=""en"" dir=""ltr""><span class=""mw-page-title-main"">Isak Andic</span></span>",https://upload.wikimedia.org/wikipedia/commons/thumb/3/39/Isak_Andic_i_Ermay_%28cropped%29.jpg/330px-Isak_Andic_i_Ermay_%28cropped%29.jpg,330.0,445.0,https://upload.wikimedia.org/wikipedia/commons/3/39/Isak_Andic_i_Ermay_%28cropped%29.jpg,996.0,1344.0,,,https://en.wikipedia.org/wiki/Isak_Andic,https://en.wikipedia.org/wiki/Isak_Andic?action=history,https://en.wikipedia.org/wiki/Isak_Andic?action=edit,https://en.wikipedia.org/wiki/Talk:Isak_Andic,https://en.wikipedia.org/wiki/Isak_Andic,https://en.wikipedia.org/wiki/Special:History/Isak_Andic,https://en.wikipedia.org/wiki/Isak_Andic?action=edit,https://en.wikipedia.org/wiki/Talk:Isak_Andic
59410,44,"[{'date': '2026-05-15Z', 'views': 5014}, {'date': '2026-05-16Z', 'views': 5157}, {'date': '2026-05-17Z', 'views': 26050}, {'date': '2026-05-18Z', 'views': 7479}, {'date': '2026-05-19Z', 'views': 59410}]",standard,Vaibhav_Sooryavanshi,"<span lang=""en"" dir=""ltr""><span class=""mw-page-title-main"">Vaibhav Sooryavanshi</span></span>",Q130390376,78010667,en,ltr,1355486105,2cc5af12-5590-11f1-8f1f-f33ff5a1afb5,2026-05-22T03:41:54Z,Indian cricketer (born 2011),local,"Vaibhav Sooryavanshi, alternatively spelled Suryavanshi, is an Indian cricketer who plays for Bihar in domestic cricket and Rajasthan Royals in the Indian Premier League. As a left-handed batsman, he made his first-class debut in January 2024. He is the youngest Indian List A debutant and the youngest to debut in the Indian Premier League at just the age of 13.","<p><b>Vaibhav Sooryavanshi</b>, alternatively spelled <b>Suryavanshi</b>, is an Indian cricketer who plays for Bihar in domestic cricket and Rajasthan Royals in the Indian Premier League. As a left-handed batsman, he made his first-class debut in January 2024. He is the youngest Indian List A debutant and the youngest to debut in the Indian Premier League at just the age of 13.</p>",Vaibhav Sooryavanshi,0,,Vaibhav_Sooryavanshi,Vaibhav Sooryavanshi,"<span lang=""en"" dir=""ltr""><span class=""mw-page-title-main"">Vaibhav Sooryavanshi</span></span>",https://upload.wikimedia.org/wikipedia/commons/thumb/6/68/Vaibhav_Suryavanshi_meets_PM_Modi.jpg/330px-Vaibhav_Suryavanshi_meets_PM_Modi.jpg,330.0,468.0,https://upload.wikimedia.org/wikipedia/commons/6/68/Vaibhav_Suryavanshi_meets_PM_Modi.jpg,407.0,577.0,,,https://en.wikipedia.org/wiki/Vaibhav_Sooryavanshi,https://en.wikipedia.org/wiki/Vaibhav_Sooryavanshi?action=history,https://en.wikipedia.org/wiki/Vaibhav_Sooryavanshi?action=edit,https://en.wikipedia.org/wiki/Talk:Vaibhav_Sooryavanshi,https://en.wikipedia.org/wiki/Vaibhav_Sooryavanshi,https://en.wikipedia.org/wiki/Special:History/Vaibhav_Sooryavanshi,https://en.wikipedia.org/wiki/Vaibhav_Sooryavanshi?action=edit,https://en.wikipedia.org/wiki/Talk:Vaibhav_Sooryavanshi
58045,45,"[{'date': '2026-05-15Z', 'views': 50670}, {'date': '2026-05-16Z', 'views': 49762}, {'date': '2026-05-17Z', 'views': 55158}, {'date': '2026-05-18Z', 'views': 61672}, {'date': '2026-05-19Z', 'views': 58045}]",standard,Anna's_Archive,"<span lang=""en"" dir=""ltr""><span class=""mw-page-title-main"">Anna&#039;s Archive</span></span>",Q115288326,72289240,en,ltr,1356030938,a96ebae2-5820-11f1-b00f-9e13d068586b,2026-05-25T10:01:13Z,Shadow library search engine,local,"Anna's Archive is an open source search engine for shadow libraries that was launched by the pseudonymous Anna shortly after law enforcement efforts to shut down Z-Library in 2022. The site aggregates records from Z-Library, Sci-Hub, and Library Genesis (LibGen), among other sources. It calls itself ""the largest truly open library in human history"", and has said it aims to ""catalog all the books in existence"" and ""track humanity's progress toward making all these books easily available in digital form"". It claims not to be liable for downloads of copyrighted works since it does not directly host any files, instead linking to third-party downloads. It has nonetheless been targeted for engaging in large-scale copyright infringement, facing government blocks and legal action from rightsholders and publishing trade associations.","<p><b>Anna's Archive</b> is an open source search engine for shadow libraries that was launched by the pseudonymous Anna shortly after law enforcement efforts to shut down Z-Library in 2022. The site aggregates records from Z-Library, Sci-Hub, and Library Genesis (LibGen), among other sources. It calls itself ""the largest truly open library in human history"", and has said it aims to ""catalog all the books in existence"" and ""track humanity's progress toward making all these books easily available in digital form"". It claims not to be liable for downloads of copyrighted works since it does not directly host any files, instead linking to third-party downloads. It has nonetheless been targeted for engaging in large-scale copyright infringement, facing government blocks and legal action from rightsholders and publishing trade associations.</p>",Anna's Archive,0,,Anna's_Archive,Anna's Archive,"<span lang=""en"" dir=""ltr""><span class=""mw-page-title-main"">Anna&#039;s Archive</span></span>",https://upload.wikimedia.org/wikipedia/commons/thumb/a/aa/Annasarchivehome_1.15.25.png/330px-Annasarchivehome_1.15.25.png,330.0,272.0,https://upload.wikimedia.org/wikipedia/commons/a/aa/Annasarchivehome_1.15.25.png,3840.0,3165.0,,,https://en.wikipedia.org/wiki/Anna's_Archive,https://en.wikipedia.org/wiki/Anna's_Archive?action=history,https://en.wikipedia.org/wiki/Anna's_Archive?action=edit,https://en.wikipedia.org/wiki/Talk:Anna's_Archive,https://en.wikipedia.org/wiki/Anna's_Archive,https://en.wikipedia.org/wiki/Special:History/Anna's_Archive,https://en.wikipedia.org/wiki/Anna's_Archive?action=edit,https://en.wikipedia.org/wiki/Talk:Anna's_Archive
57625,46,"[{'date': '2026-05-15Z', 'views': 38554}, {'date': '2026-05-16Z', 'views': 35780}, {'date': '2026-05-17Z', 'views': 40853}, {'date': '2026-05-18Z', 'views': 112031}, {'date': '2026-05-19Z', 'views': 57625}]",standard,Euphoria_(American_TV_series),<i>Euphoria</i> (American TV series),Q56275505,58031267,en,ltr,1356381952,79611e6d-59c6-11f1-a9ba-6c6a836802c2,2026-05-27T12:20:40Z,Television series (2019–present),local,"Euphoria is an American psychological teen drama television series created and written by Sam Levinson for HBO. Inspired by the Israeli miniseries of the same name created by Ron Leshem, the series stars Zendaya as drug-addicted teenager Rue Bennett, who also serves as an unreliable narrator. The ensemble cast includes Maude Apatow, Angus Cloud, Eric Dane, Alexa Demie, Jacob Elordi, Barbie Ferreira, Nika King, Storm Reid, Hunter Schafer, Algee Smith, Sydney Sweeney, Colman Domingo, Javon ""Wanna"" Walton, and Austin Abrams. Dominic Fike, Adewale Akinnuoye-Agbaje, Martha Kelly, Chloe Cherry, and Toby Wallace join later in the series.","<p><i><b>Euphoria</b></i> is an American psychological teen drama television series created and written by Sam Levinson for HBO. Inspired by the Israeli miniseries of the same name created by Ron Leshem, the series stars Zendaya as drug-addicted teenager Rue Bennett, who also serves as an unreliable narrator. The ensemble cast includes Maude Apatow, Angus Cloud, Eric Dane, Alexa Demie, Jacob Elordi, Barbie Ferreira, Nika King, Storm Reid, Hunter Schafer, Algee Smith, Sydney Sweeney, Colman Domingo, Javon ""Wanna"" Walton, and Austin Abrams. Dominic Fike, Adewale Akinnuoye-Agbaje, Martha Kelly, Chloe Cherry, and Toby Wallace join later in the series.</p>",Euphoria (American TV series),0,,Euphoria_(American_TV_series),Euphoria (American TV series),<i>Euphoria</i> (American TV series),,,,,,,,,https://en.wikipedia.org/wiki/Euphoria_(American_TV_series),https://en.wikipedia.org/wiki/Euphoria_(American_TV_series)?action=history,https://en.wikipedia.org/wiki/Euphoria_(American_TV_series)?action=edit,https://en.wikipedia.org/wiki/Talk:Euphoria_(American_TV_series),https://en.wikipedia.org/wiki/Euphoria_(American_TV_series),https://en.wikipedia.org/wiki/Special:History/Euphoria_(American_TV_series),https://en.wikipedia.org/wiki/Euphoria_(American_TV_series)?action=edit,https://en.wikipedia.org/wiki/Talk:Euphoria_(American_TV_series)
56368,47,"[{'date': '2026-05-15Z', 'views': 571}, {'date': '2026-05-16Z', 'views': 44403}, {'date': '2026-05-17Z', 'views': 613044}, {'date': '2026-05-18Z', 'views': 455711}, {'date': '2026-05-19Z', 'views': 56368}]",standard,Aaron_Rai,"<span lang=""en"" dir=""ltr""><span class=""mw-page-title-main"">Aaron Rai</span></span>",Q29034392,53603874,en,ltr,1356147246,7ddce7c3-589b-11f1-95ad-4c9616896d05,2026-05-26T00:40:28Z,English professional golfer (born 1995),local,"Aaron Rai is an English professional golfer who plays on the PGA Tour and the European Tour. He has won one major championship, the 2026 PGA Championship.","<p><b>Aaron Rai</b> is an English professional golfer who plays on the PGA Tour and the European Tour. He has won one major championship, the 2026 PGA Championship.</p>",Aaron Rai,0,,Aaron_Rai,Aaron Rai,"<span lang=""en"" dir=""ltr""><span class=""mw-page-title-main"">Aaron Rai</span></span>",https://upload.wikimedia.org/wikipedia/en/thumb/1/1c/Aaron_Rai_signature.svg/330px-Aaron_Rai_signature.svg.png,330.0,185.0,https://upload.wikimedia.org/wikipedia/en/thumb/1/1c/Aaron_Rai_signature.svg/500px-Aaron_Rai_signature.svg.png,423.0,237.0,,,https://en.wikipedia.org/wiki/Aaron_Rai,https://en.wikipedia.org/wiki/Aaron_Rai?action=history,https://en.wikipedia.org/wiki/Aaron_Rai?action=edit,https://en.wikipedia.org/wiki/Talk:Aaron_Rai,https://en.wikipedia.org/wiki/Aaron_Rai,https://en.wikipedia.org/wiki/Special:History/Aaron_Rai,https://en.wikipedia.org/wiki/Aaron_Rai?action=edit,https://en.wikipedia.org/wiki/Talk:Aaron_Rai
56064,48,"[{'date': '2026-05-15Z', 'views': 12839}, {'date': '2026-05-16Z', 'views': 22633}, {'date': '2026-05-17Z', 'views': 26826}, {'date': '2026-05-18Z', 'views': 21656}, {'date': '2026-05-19Z', 'views': 56064}]",standard,2025–26_Premier_League,"<span lang=""en"" dir=""ltr""><span class=""mw-page-title-main"">2025–26 Premier League</span></span>",Q132674557,77711894,en,ltr,1356322220,22305d82-5970-11f1-9070-72b6c36761a8,2026-05-27T02:02:37Z,Football season in England,local,The 2025–26 Premier League was the 34th season of the Premier League and the 127th season of top-flight English football. The fixtures were released on 18 June 2025. The season consisted of 33 weekend and five midweek rounds of matches.,"<p>The <b>2025–26 Premier League</b> was the 34th season of the Premier League and the 127th season of <span class=""nowrap"">top-flight</span> English football. The fixtures were released on 18 June 2025. The season consisted of 33 weekend and five midweek rounds of matches.</p>",2025–26 Premier League,0,,2025–26_Premier_League,2025–26 Premier League,"<span lang=""en"" dir=""ltr""><span class=""mw-page-title-main"">2025–26 Premier League</span></span>",https://upload.wikimedia.org/wikipedia/commons/thumb/f/fb/1_arsenal_crystal_palace_epl_champions_2026.jpg/330px-1_arsenal_crystal_palace_epl_champions_2026.jpg,330.0,226.0,https://upload.wikimedia.org/wikipedia/commons/thumb/f/fb/1_arsenal_crystal_palace_epl_champions_2026.jpg/3840px-1_arsenal_crystal_palace_epl_champions_2026.jpg,4935.0,3378.0,,,https://en.wikipedia.org/wiki/2025%E2%80%9326_Premier_League,https://en.wikipedia.org/wiki/2025%E2%80%9326_Premier_League?action=history,https://en.wikipedia.org/wiki/2025%E2%80%9326_Premier_League?action=edit,https://en.wikipedia.org/wiki/Talk:2025%E2%80%9326_Premier_League,https://en.wikipedia.org/wiki/2025%E2%80%9326_Premier_League,https://en.wikipedia.org/wiki/Special:History/2025%E2%80%9326_Premier_League,https://en.wikipedia.org/wiki/2025%E2%80%9326_Premier_League?action=edit,https://en.wikipedia.org/wiki/Talk:2025%E2%80%9326_Premier_League
52245,49,"[{'date': '2026-05-15Z', 'views': 75342}, {'date': '2026-05-16Z', 'views': 67837}, {'date': '2026-05-17Z', 'views': 60788}, {'date': '2026-05-18Z', 'views': 62078}, {'date': '2026-05-19Z', 'views': 52245}]",standard,The_Odyssey_(2026_film),<i>The Odyssey</i> (2026 film),Q131547207,78079604,en,ltr,1356292929,775c7609-5950-11f1-92ff-65a0912f205a,2026-05-26T22:15:56Z,Upcoming film by Christopher Nolan,local,"The Odyssey is an upcoming epic fantasy action film written and directed by Christopher Nolan. An adaptation of Homer's ancient Greek epic the Odyssey, the film stars Matt Damon as Odysseus, the Greek king of Ithaca, and chronicles his long and perilous journey home after the Trojan War as he attempts to reunite with his wife, Penelope, portrayed by Anne Hathaway. The ensemble cast also features Tom Holland, Robert Pattinson, Lupita Nyong'o, Zendaya, and Charlize Theron, among others. Nolan and his wife Emma Thomas are producing the film through their production company, Syncopy.","<p><i><b>The Odyssey</b></i> is an upcoming epic fantasy action film written and directed by Christopher Nolan. An adaptation of Homer's ancient Greek epic the <i>Odyssey</i>, the film stars Matt Damon as Odysseus, the Greek king of Ithaca, and chronicles his long and perilous journey home after the Trojan War as he attempts to reunite with his wife, Penelope, portrayed by Anne Hathaway. The ensemble cast also features Tom Holland, Robert Pattinson, Lupita Nyong'o, Zendaya, and Charlize Theron, among others. Nolan and his wife Emma Thomas are producing the film through their production company, Syncopy.</p>",The Odyssey (2026 film),0,,The_Odyssey_(2026_film),The Odyssey (2026 film),<i>The Odyssey</i> (2026 film),https://upload.wikimedia.org/wikipedia/en/9/90/The_Odyssey_%282026_film%29_poster.jpg,260.0,384.0,https://upload.wikimedia.org/wikipedia/en/9/90/The_Odyssey_%282026_film%29_poster.jpg,260.0,384.0,,,https://en.wikipedia.org/wiki/The_Odyssey_(2026_film),https://en.wikipedia.org/wiki/The_Odyssey_(2026_film)?action=history,https://en.wikipedia.org/wiki/The_Odyssey_(2026_film)?action=edit,https://en.wikipedia.org/wiki/Talk:The_Odyssey_(2026_film),https://en.wikipedia.org/wiki/The_Odyssey_(2026_film),https://en.wikipedia.org/wiki/Special:History/The_Odyssey_(2026_film),https://en.wikipedia.org/wiki/The_Odyssey_(2026_film)?action=edit,https://en.wikipedia.org/wiki/Talk:The_Odyssey_(2026_film)
51434,50,"[{'date': '2026-05-15Z', 'views': 4992}, {'date': '2026-05-16Z', 'views': 8607}, {'date': '2026-05-17Z', 'views': 6702}, {'date': '2026-05-18Z', 'views': 9882}, {'date': '2026-05-19Z', 'views': 51434}]",standard,List_of_English_football_champions,"<span lang=""en"" dir=""ltr""><span class=""mw-page-title-main"">List of English football champions</span></span>",Q532723,3548404,en,ltr,1355877841,399efacb-576c-11f1-b05e-564c3f178dac,2026-05-24T12:29:36Z,,local,"The English football champions are the annual winners of the top-tier competition in the English football league system. Following the codification of professional football by the Football Association in 1885, the Football League was established in 1888, after meetings initiated by Aston Villa director William McGregor.","<p>The <b>English football champions</b> are the annual winners of the top-tier competition in the English football league system. Following the codification of professional football by the Football Association in 1885, the Football League was established in 1888, after meetings initiated by Aston Villa director William McGregor.</p>",List of English football champions,0,,List_of_English_football_champions,List of English football champions,"<span lang=""en"" dir=""ltr""><span class=""mw-page-title-main"">List of English football champions</span></span>",https://upload.wikimedia.org/wikipedia/commons/thumb/1/13/LCFC_lift_the_Premier_League_Trophy_%2826943755296%29_%28cropped%29.jpg/330px-LCFC_lift_the_Premier_League_Trophy_%2826943755296%29_%28cropped%29.jpg,330.0,221.0,https://upload.wikimedia.org/wikipedia/commons/1/13/LCFC_lift_the_Premier_League_Trophy_%2826943755296%29_%28cropped%29.jpg,2834.0,1896.0,,,https://en.wikipedia.org/wiki/List_of_English_football_champions,https://en.wikipedia.org/wiki/List_of_English_football_champions?action=history,https://en.wikipedia.org/wiki/List_of_English_football_champions?action=edit,https://en.wikipedia.org/wiki/Talk:List_of_English_football_champions,https://en.wikipedia.org/wiki/List_of_English_football_champions,https://en.wikipedia.org/wiki/Special:History/List_of_English_football_champions,https://en.wikipedia.org/wiki/List_of_English_football_champions?action=edit,https://en.wikipedia.org/wiki/Talk:List_of_English_football_champions
